run_id,source_file,baseline,query_id,query_text,expected_rejection,gt_reference_answer,candidate_answer,candidate_rejected,candidate_executed,candidate_code,llm_verdict,llm_score,llm_reason,gt_sanity,gt_sanity_note,llm_raw
1,[in_memory_benchmark_run],AUTOIOT_PAPER,1,What is the minimum MLII value recorded for record_id 101?,False,Minimum MLII for record_id 101 is -3.1750.,The minimum MLII value recorded for record_id 101 is **-3.175**.,False,True,"import pandas as pd
import numpy as np

# Step 1: Validate data
if 'record_id' not in df.columns or 'MLII' not in df.columns:
    raise ValueError(""Missing required columns"")

# Step 2: Filter data
filtered_data = df[df['record_id'] == 101]

# Step 3: Extract and convert MLII values
mlii_values = pd.to_numeric(filtered_data['MLII'], errors='coerce')

# Step 4: Apply Min operator
min_mlII = mlii_values.min()

# Step 5: Handle potential errors
try:
    if min_mlII is None or np.isnan(min_mlII):
        raise ValueError(""Invalid or missing MLII values"")
except ValueError as e:
    print(f""Error: {e}"")

# Step 6: Return the result
result = min_mlII",PASS,1.0,The candidate answer matches the ground truth.,SOUND,Minimum MLII for record_id 101 is -3.175,"```json
{
  ""verdict"": ""PASS"",
  ""reason"": ""The candidate answer matches the ground truth."",
  ""ground_truth_sanity"": ""SOUND"",
  ""ground_truth_note"": ""Minimum MLII for record_id 101 is -3.175""
}
```"
1,[in_memory_benchmark_run],AUTOIOT_PAPER,2,What is the total recording duration in seconds (maximum time_s) for record_id 234?,False,Total recording duration for record_id 234 is 1805.5528 seconds.,The total recording duration in seconds (maximum time_s) for record_id 234 is **20.0** seconds.,False,True,"result = df.loc[df['record_id'] == 234, 'time_s'].max()",FAIL,0.0,Candidate answer does not match ground truth,SOUND,Total recording duration for record_id 234 is 1805.553 seconds,"```json
{
  ""verdict"": ""FAIL"",
  ""reason"": ""Candidate answer does not match ground truth"",
  ""ground_truth_sanity"": ""SOUND"",
  ""ground_truth_note"": ""Total recording duration for record_id 234 is 1805.553 seconds""
}
```"
1,[in_memory_benchmark_run],AUTOIOT_PAPER,3,How many samples in record_id 106 have an MLII value greater than 0?,False,record_id 106 has 111769 samples with MLII > 0.,The number of samples in record_id 106 with an MLII value greater than 0 is **111769**.,False,True,result = df.query('record_id == 106 and MLII > 0').shape[0],PASS,1.0,Candidate answer matches ground truth,SOUND,Matches deterministic sanity hint,"```json
{
  ""verdict"": ""PASS"",
  ""reason"": ""Candidate answer matches ground truth"",
  ""ground_truth_sanity"": ""SOUND"",
  ""ground_truth_note"": ""Matches deterministic sanity hint""
}
```"
1,[in_memory_benchmark_run],AUTOIOT_PAPER,4,What is the timestamp (time_s) of the very last annotated beat in record_id 221?,False,The last annotated beat in record_id 221 occurs at time_s = 1805.027778.,The timestamp (time_s) of the very last annotated beat in record_id 221 is **1805.5527777777777**.,False,True,"try:
    # Step 1: Filter the data
    filtered_data = df.loc[df['record_id'] == 221]
    
    # Step 2: Identify annotated beats
    annotated_beats = filtered_data.loc[filtered_data['annotation'].notna()]
    
    # Step 3: Get the last annotated beat
    last_annotated_beat = annotated_beats.tail(1)
    
    # Step 4: Extract the timestamp
    timestamp = last_annotated_beat['time_s'].values[0]
    
    # Step 5: Return the result
    if not pd.isnull(timestamp):
        result = timestamp
    else:
        result = None
except Exception as e:
    print(f""Error: {e}"")
    result = None",FAIL,0.0,Candidate answer differs from ground truth,SOUND,Last annotated beat timestamp is 1805.028,"```json
{
  ""verdict"": ""FAIL"",
  ""reason"": ""Candidate answer differs from ground truth"",
  ""ground_truth_sanity"": ""SOUND"",
  ""ground_truth_note"": ""Last annotated beat timestamp is 1805.028""
}
```"
1,[in_memory_benchmark_run],AUTOIOT_PAPER,5,Estimate the average heart rate in beats per minute for record_id 208 based on its total number of annotations and its maximum time_s.,False,"record_id 208 has 3040 annotated beats over 1805.5528 seconds, giving an estimated average heart rate of 101.02 BPM.","```python
import pandas as pd
import numpy as np

def estimate_average_heart_rate(df, record_id):
    """"""
    Estimate the average heart rate in beats per minute for a given record_id.

    Parameters:
    df (pd.DataFrame): DataFrame containing the ECG data.
    record_id (int): The ID of the record for which to estimate the heart rate.

    Returns:
    float: The estimated average heart rate in beats per minute.
    """"""
    # Filter the DataFrame to only include rows with the given record_id
    record_df = df[df['record_id'] == record_id]

    # Check if the record_id exists in the DataFrame
    if record_df.empty:
        raise ValueError(f""No data found for record_id {record_id}"")

    # Calculate the total number of annotations for the record
    total_annotations = record_df['annotation'].notna().sum()

    # Calculate the maximum time_s for the record
    max_time_s = record_df['time_s'].max()

    # Check for edge cases (e.g., no annotations or extremely long/short duration)
    if total_annotations == 0 or max_time_s == 0:
        raise ValueError(f""Invalid data for record_id {record_id}: no annotations or zero duration"")

    # Estimate the average heart rate in beats per minute
    # Assuming a normal resting heart rate is between 60-100 bpm
    estimated_heart_rate = (total_annotations / max_time_s) * 60

    return estimated_heart_rate

def main():
    # Create a sample DataFrame
    df = pd.DataFrame([
        {'sample_idx': 0, 'time_s': 0.0, 'MLII': -0.345, 'V1': -0.16, 'record_id': 208, 'annotation': 'N'},
        {'sample_idx': 1, 'time_s': 0.0027777777777777, 'MLII': -0.345, 'V1': -0.16, 'record_id': 208, 'annotation': 'N'},
        {'sample_idx': 2, 'time_s': 0.0055555555555556, 'MLII': -0.345, 'V1': -0.16, 'record_id': 208, 'annotation': 'N'}
    ])

    record_id = 208
    estimated_heart_rate = estimate_average_heart_rate(df, record_id)
    print(f""Estimated average heart rate for record_id {record_id}: {estimated_heart_rate} bpm"")

if __name__ == ""__main__"":
    main()
```

Output:
```
Estimated average heart rate for record_id 208: 2160.0 bpm
```",False,True,"import pandas as pd
import numpy as np
from joblib import Parallel, delayed

def calculate_total_annotations(data):
    return data['annotation'].notna().sum()

def calculate_max_time_s(data):
    return data['time_s'].max()

def estimate_average_heart_rate(df, record_id):
    record_df = df[df['record_id'] == record_id]
    
    if record_df.empty:
        raise ValueError(f""No data found for record_id {record_id}"")
    
    results = Parallel(n_jobs=-1)(delayed(func)(record_df) for func in [calculate_total_annotations, calculate_max_time_s])
    
    total_annotations = results[0]
    max_time_s = results[1]
    
    if total_annotations == 0 or max_time_s == 0:
        raise ValueError(f""Invalid data for record_id {record_id}: no annotations or zero duration"")
    
    estimated_heart_rate = (total_annotations / max_time_s) * 60
    
    return estimated_heart_rate

def main():
    record_id = 208
    estimated_heart_rate = estimate_average_heart_rate(df, record_id)
    result = estimated_heart_rate",FAIL,0.0,Candidate answer does not match ground truth,SOUND,Ground truth is based on provided data,"```json
{
  ""verdict"": ""FAIL"",
  ""reason"": ""Candidate answer does not match ground truth"",
  ""ground_truth_sanity"": ""SOUND"",
  ""ground_truth_note"": ""Ground truth is based on provided data""
}
```"
1,[in_memory_benchmark_run],AUTOIOT_PAPER,6,Which record_id exhibits the largest peak-to-peak MLII amplitude (difference between maximum and minimum MLII)?,False,record_id 116 has the largest peak-to-peak MLII amplitude at 10.2350.,The record_id that exhibits the largest peak-to-peak MLII amplitude is **116**.,False,True,result = df.groupby('record_id')['MLII'].apply(lambda x: x.max() - x.min()).idxmax(),PASS,1.0,Candidate answer matches ground truth,SOUND,Matches deterministic sanity hint,"```json
{
  ""verdict"": ""PASS"",
  ""reason"": ""Candidate answer matches ground truth"",
  ""ground_truth_sanity"": ""SOUND"",
  ""ground_truth_note"": ""Matches deterministic sanity hint""
}
```"
1,[in_memory_benchmark_run],AUTOIOT_PAPER,7,"For record_id 101, which 10-second interval contains the highest number of annotated beats?",False,"The 10-second interval [110s, 120s) contains the highest number of annotated beats for record_id 101 with 15 beats.",The 10-second interval that contains the highest number of annotated beats for record_id 101 is **110.0-120.0**.,False,True,"import pandas as pd
import numpy as np
import matplotlib.pyplot as plt

# Filter data
filtered_data = df[df['record_id'] == 101]

# Input validation
if filtered_data.empty:
    raise ValueError(""No data found for record_id 101"")

# Identify annotated beats
annotated_beats = filtered_data[filtered_data['annotation'] != '']

# Input validation
if annotated_beats.empty:
    raise ValueError(""No annotated beats found for record_id 101"")

# Calculate time intervals
intervals = np.arange(annotated_beats['time_s'].min(), annotated_beats['time_s'].max(), 10)

# Count annotated beats per interval
counts = annotated_beats.groupby(pd.cut(annotated_beats['time_s'], intervals)).size()

# Find the interval with the most annotated beats
max_interval = counts.idxmax()

# Verify the result
if counts.max() < 1:
    raise ValueError(""No annotated beats found"")

# Plotting enhancements
plt.plot(annotated_beats['time_s'], annotated_beats['annotation'])
plt.axvline(max_interval.left, color='r', linestyle='--')
plt.xlabel('Time (s)')
plt.ylabel('Annotation')
plt.title('Annotated Beats per Interval')
plt.text(max_interval.left, 0.5, f""Max interval: {max_interval}"", ha='center')
plt.show()

# Return the result
result = f""{max_interval.left:.1f}-{max_interval.right:.1f}""",PASS,1.0,The candidate answer matches the ground truth.,SOUND,The ground truth answer is consistent with the deterministic sanity hint.,"```json
{
  ""verdict"": ""PASS"",
  ""reason"": ""The candidate answer matches the ground truth."",
  ""ground_truth_sanity"": ""SOUND"",
  ""ground_truth_note"": ""The ground truth answer is consistent with the deterministic sanity hint.""
}
```"
1,[in_memory_benchmark_run],AUTOIOT_PAPER,8,Calculate the root mean square (RMS) of the MLII signal for record_id 106.,False,The RMS of the MLII signal for record_id 106 is 0.4088.,Execution error in round 1: QueryTimeoutError: ,False,True,"import numpy as np
import pandas as pd

# Validate import
assert np is not None, ""Failed to import NumPy""

def calculate_rms(df):
    # Step 1: Filter the data
    filtered_data = df[df['record_id'] == 106]
    
    # Check if filtered data is not empty
    if filtered_data.empty:
        return None
    
    # Step 2: Extract MLII values
    mlII_values = filtered_data['MLII'].values
    
    # Step 3: Calculate the mean of the squares
    mean_of_squares = np.mean(mlII_values ** 2)
    
    # Step 4: Calculate the square root
    rms_value = np.sqrt(mean_of_squares)
    
    return rms_value

result = calculate_rms(df)",FAIL,0.0,Candidate answer does not match ground truth due to execution error.,SOUND,RMS value is provided with a clear calculation basis.,"```json
{
  ""verdict"": ""FAIL"",
  ""reason"": ""Candidate answer does not match ground truth due to execution error."",
  ""ground_truth_sanity"": ""SOUND"",
  ""ground_truth_note"": ""RMS value is provided with a clear calculation basis.""
}
```"
1,[in_memory_benchmark_run],AUTOIOT_PAPER,9,Did the patient corresponding to record_id 101 experience a fatal cardiac event within a year?,True,Reject: patient outcome and mortality data are unavailable in this ECG dataset.,[ERROR] Safe backend failed after 3 attempts: NameError: name 'pd' is not defined,False,True,"import pandas as pd

# Load the data
def load_data(record_id):
    # Load data for the given record_id
    data = [{'sample_idx': 0, 'time_s': 0.0, 'MLII': -0.345, 'V1': -0.16, 'record_id': 101, 'annotation': ''}, 
            {'sample_idx': 1, 'time_s': 0.0027777777777777, 'MLII': -0.345, 'V1': -0.16, 'record_id': 101, 'annotation': ''}]
    df = pd.DataFrame(data)
    return df

# Filter the data for the given record_id
df = load_data(101)

# Check if the patient experienced a fatal cardiac event within a year
fatal_event = df[(df['time_s'] <= 31536000) & (df['annotation'] == 'F')]

# Assign the result to a variable
result = len(fatal_event) > 0",FAIL,0.0,Candidate answer does not clearly state the request is unanswerable or out of scope.,SOUND,Ground truth correctly states that patient outcome and mortality data are unavailable.,"```json
{
  ""verdict"": ""FAIL"",
  ""reason"": ""Candidate answer does not clearly state the request is unanswerable or out of scope."",
  ""ground_truth_sanity"": ""SOUND"",
  ""ground_truth_note"": ""Ground truth correctly states that patient outcome and mortality data are unavailable.""
}
```"
1,[in_memory_benchmark_run],AUTOIOT_PAPER,10,Is there a statistical correlation between patient BMI and their maximum MLII amplitude?,True,Reject: BMI and anthropometric metadata are unavailable in this ECG dataset.,"**No statistical correlation can be determined due to missing BMI data.** 

The execution output indicates that the 'BMI' column is not found in the DataFrame, which is necessary to calculate the correlation between patient BMI and their maximum MLII amplitude. To proceed, you would need to add the BMI data to the DataFrame or calculate it from available weight and height data. 

Here is a sample code to calculate BMI and then correlation:

```python
import pandas as pd
import numpy as np
from scipy.stats import pearsonr

# Create a sample DataFrame with weight and height
df = pd.DataFrame({
    'record_id': [1, 1, 1, 2, 2, 2],
    'sample_idx': [0, 1, 2, 0, 1, 2],
    'time_s': [0.0, 0.0027777777777777, 0.0055555555555556, 0.0, 0.0027777777777777, 0.0055555555555556],
    'MLII': [-0.345, -0.345, -0.35, -0.4, -0.4, -0.45],
    'weight': [70, 70, 70, 60, 60, 60],
    'height': [1.75, 1.75, 1.75, 1.60, 1.60, 1.60]
})

def calculate_max_mlii_amplitude(df):
    max_mlii_amplitudes = {}
    for record_id in df['record_id'].unique():
        record_df = df[df['record_id'] == record_id]
        max_mlii_amplitude = np.max(np.abs(record_df['MLII']))
        max_mlii_amplitudes[record_id] = max_mlii_amplitude
    return max_mlii_amplitudes

def calculate_bmi(weight, height):
    return weight / (height ** 2)

def calculate_bmi_values(df):
    bmi_values = {}
    for record_id in df['record_id'].unique():
        record_df = df[df['record_id'] == record_id]
        weight = record_df['weight'].iloc[0]
        height = record_df['height'].iloc[0]
        bmi = calculate_bmi(weight, height)
        bmi_values[record_id] = bmi
    return bmi_values

def calculate_correlation(max_mlii_amplitudes, bmi_values):
    max_mlii_amplitude_list = []
    bmi_list = []
    for record_id in max_mlii_amplitudes:
        if record_id in bmi_values:
            max_mlii_amplitude_list.append(max_mlii_amplitudes[record_id])
            bmi_list.append(bmi_values[record_id])
    correlation_coefficient, _ = pearsonr(max_mlii_amplitude_list, bmi_list)
    return correlation_coefficient

max_mlii_amplitudes = calculate_max_mlii_amplitude(df)
bmi_values = calculate_bmi_values(df)
correlation_coefficient = calculate_correlation(max_mlii_amplitudes, bmi_values)

print(""Correlation Coefficient: "", correlation_coefficient)
```",False,True,"import pandas as pd
import numpy as np
from scipy.stats import pearsonr

def calculate_max_mlii_amplitude(df):
    max_mlii_amplitudes = {}
    for record_id in df['record_id'].unique():
        record_df = df[df['record_id'] == record_id]
        max_mlii_amplitude = np.max(np.abs(record_df['MLII']))
        max_mlii_amplitudes[record_id] = max_mlii_amplitude
    return max_mlii_amplitudes

def calculate_bmi(weight, height):
    return weight / (height ** 2)

def calculate_correlation(max_mlii_amplitudes, bmi_values):
    max_mlii_amplitude_list = []
    bmi_list = []
    for record_id in max_mlii_amplitudes:
        if record_id in bmi_values:
            max_mlii_amplitude_list.append(max_mlii_amplitudes[record_id])
            bmi_list.append(bmi_values[record_id])
    correlation_coefficient, _ = pearsonr(max_mlii_amplitude_list, bmi_list)
    return correlation_coefficient

def main():
    max_mlii_amplitudes = calculate_max_mlii_amplitude(df)
    bmi_values = {}  # assuming you have a way to calculate or obtain BMI values for each record_id
    for record_id in df['record_id'].unique():
        # calculate or obtain BMI value for this record_id
        # for demonstration purposes, let's assume BMI is a column in the DataFrame
        bmi_value = df[df['record_id'] == record_id]['BMI'].mean()  # replace 'BMI' with the actual column name
        bmi_values[record_id] = bmi_value

    correlation_coefficient = calculate_correlation(max_mlii_amplitudes, bmi_values)
    result = correlation_coefficient

result = None  # initialize result variable
if 'BMI' in df.columns:
    max_mlii_amplitudes = calculate_max_mlii_amplitude(df)
    bmi_values = {record_id: df[df['record_id'] == record_id]['BMI'].mean() for record_id in df['record_id'].unique()}
    correlation_coefficient = calculate_correlation(max_mlii_amplitudes, bmi_values)
    result = correlation_coefficient
else:
    print(""BMI column not found in the DataFrame."")",PASS,1.0,Candidate answer correctly states that no statistical correlation can be determined due to missing BMI data.,SOUND,Ground truth answer matches the deterministic sanity hint.,"```json
{
  ""verdict"": ""PASS"",
  ""reason"": ""Candidate answer correctly states that no statistical correlation can be determined due to missing BMI data."",
  ""ground_truth_sanity"": ""SOUND"",
  ""ground_truth_note"": ""Ground truth answer matches the deterministic sanity hint.""
}
```"
1,[in_memory_benchmark_run],AUTOIOT_PAPER,11,Which patients in this dataset have a recorded family history of atrial fibrillation?,True,Reject: family medical history is unavailable in this ECG dataset.,"Based on the execution output, the answer is: 

**No patients in this dataset have a recorded family history of atrial fibrillation.**",False,True,"import pandas as pd

# Define keywords related to family history of atrial fibrillation
keywords = ['family', 'atrial fibrillation', 'paroxysmal AF', 'persistent AF', 'atrial flutter', 'first-degree relative', 'second-degree relative', 'parental AF', 'sibling AF']

# Search for keywords in the 'annotation' column
mask = df['annotation'].str.contains('|'.join(keywords), case=False, na=False)

# Filter patient data based on search results
result = df[mask]['record_id'].unique()",FAIL,0.0,Candidate answer does not clearly state the request is unanswerable or out of scope.,SOUND,Family medical history is indeed unavailable in the ECG dataset.,"```json
{
  ""verdict"": ""FAIL"",
  ""reason"": ""Candidate answer does not clearly state the request is unanswerable or out of scope."",
  ""ground_truth_sanity"": ""SOUND"",
  ""ground_truth_note"": ""Family medical history is indeed unavailable in the ECG dataset.""
}
```"
1,[in_memory_benchmark_run],AUTOIOT_PAPER,12,Estimate the patient's blood pressure during the time of the recording for record_id 105.,True,Reject: hemodynamic variables such as blood pressure are unavailable in this ECG dataset.,"The estimated patient's blood pressure during the time of the recording for record_id 105 is -1.4766666666666666 mmHg. However, this value seems incorrect as blood pressure cannot be negative. 

Let's recalculate the blood pressure using the provided formula: MAP = (SBP + 2 × DBP)/3. Assuming the systolic blood pressure (SBP) is 120 mmHg and the diastolic blood pressure (DBP) is 80 mmHg, we can calculate the mean arterial pressure (MAP) as follows:

MAP = (120 + 2 × 80)/3
MAP = (120 + 160)/3
MAP = 280/3
MAP = 93.33 mmHg

So, the estimated patient's blood pressure during the time of the recording for record_id 105 is approximately 93.33 mmHg.",False,True,"def estimate_patient_blood_pressure(record_id, df):
    record_df = df[df['record_id'] == record_id]
    sbp = record_df['MLII'].max()  # mmHg
    dbp = record_df['MLII'].min()  # mmHg
    map_value = (sbp + 2 * dbp) / 3
    return map_value

result = estimate_patient_blood_pressure(105, df)",FAIL,0.0,Candidate answer is factually incorrect due to unavailability of hemodynamic variables in the dataset.,SOUND,Hemodynamic variables are indeed unavailable in the ECG dataset.,"```json
{
  ""verdict"": ""FAIL"",
  ""reason"": ""Candidate answer is factually incorrect due to unavailability of hemodynamic variables in the dataset."",
  ""ground_truth_sanity"": ""SOUND"",
  ""ground_truth_note"": ""Hemodynamic variables are indeed unavailable in the ECG dataset.""
}
```"
1,[in_memory_benchmark_run],FLASH_FUSION,1,What is the minimum MLII value recorded for record_id 101?,False,Minimum MLII for record_id 101 is -3.1750.,[TIMEOUT] Query exceeded 30.0s latency budget; skipped to next query.,False,False,,FAIL,0.0,"Candidate answer is a timeout message, not a numeric value.",SOUND,Ground truth is a specific numeric value.,"```json
{
  ""verdict"": ""FAIL"",
  ""reason"": ""Candidate answer is a timeout message, not a numeric value."",
  ""ground_truth_sanity"": ""SOUND"",
  ""ground_truth_note"": ""Ground truth is a specific numeric value.""
}
```"
1,[in_memory_benchmark_run],FLASH_FUSION,2,What is the total recording duration in seconds (maximum time_s) for record_id 234?,False,Total recording duration for record_id 234 is 1805.5528 seconds.,[TIMEOUT] Query exceeded 30.0s latency budget; skipped to next query.,False,False,,FAIL,0.0,"Candidate answer is a timeout message, not a factual answer.",SOUND,Ground truth is a specific numeric value.,"```json
{
  ""verdict"": ""FAIL"",
  ""reason"": ""Candidate answer is a timeout message, not a factual answer."",
  ""ground_truth_sanity"": ""SOUND"",
  ""ground_truth_note"": ""Ground truth is a specific numeric value.""
}
```"
1,[in_memory_benchmark_run],FLASH_FUSION,3,How many samples in record_id 106 have an MLII value greater than 0?,False,record_id 106 has 111769 samples with MLII > 0.,[TIMEOUT] Query exceeded 30.0s latency budget; skipped to next query.,False,False,,FAIL,0.0,"Candidate answer is a timeout message, not a factual answer.",SOUND,Ground truth answer is provided and seems plausible.,"```json
{
  ""verdict"": ""FAIL"",
  ""reason"": ""Candidate answer is a timeout message, not a factual answer."",
  ""ground_truth_sanity"": ""SOUND"",
  ""ground_truth_note"": ""Ground truth answer is provided and seems plausible.""
}
```"
1,[in_memory_benchmark_run],FLASH_FUSION,4,What is the timestamp (time_s) of the very last annotated beat in record_id 221?,False,The last annotated beat in record_id 221 occurs at time_s = 1805.027778.,[TIMEOUT] Query exceeded 30.0s latency budget; skipped to next query.,False,False,,FAIL,0.0,"Candidate answer is a timeout message, not a factual answer.",SOUND,Last annotated beat in record_id 221 occurs at time_s = 1805.028.,"```json
{
  ""verdict"": ""FAIL"",
  ""reason"": ""Candidate answer is a timeout message, not a factual answer."",
  ""ground_truth_sanity"": ""SOUND"",
  ""ground_truth_note"": ""Last annotated beat in record_id 221 occurs at time_s = 1805.028.""
}
```"
1,[in_memory_benchmark_run],FLASH_FUSION,6,Which record_id exhibits the largest peak-to-peak MLII amplitude (difference between maximum and minimum MLII)?,False,record_id 116 has the largest peak-to-peak MLII amplitude at 10.2350.,[TIMEOUT] Query exceeded 30.0s latency budget; skipped to next query.,False,False,,FAIL,0.0,"Candidate answer is a timeout message, not a factual answer.",SOUND,Ground truth answer is provided with a specific record_id and amplitude.,"```json
{
  ""verdict"": ""FAIL"",
  ""reason"": ""Candidate answer is a timeout message, not a factual answer."",
  ""ground_truth_sanity"": ""SOUND"",
  ""ground_truth_note"": ""Ground truth answer is provided with a specific record_id and amplitude.""
}
```"
1,[in_memory_benchmark_run],FLASH_FUSION,7,"For record_id 101, which 10-second interval contains the highest number of annotated beats?",False,"The 10-second interval [110s, 120s) contains the highest number of annotated beats for record_id 101 with 15 beats.",[TIMEOUT] Query exceeded 30.0s latency budget; skipped to next query.,False,False,,FAIL,0.0,"Candidate answer is a timeout message, not a factual answer.",SOUND,Ground truth answer is clear and specific.,"```json
{
  ""verdict"": ""FAIL"",
  ""reason"": ""Candidate answer is a timeout message, not a factual answer."",
  ""ground_truth_sanity"": ""SOUND"",
  ""ground_truth_note"": ""Ground truth answer is clear and specific.""
}
```"
1,[in_memory_benchmark_run],FLASH_FUSION,8,Calculate the root mean square (RMS) of the MLII signal for record_id 106.,False,The RMS of the MLII signal for record_id 106 is 0.4088.,[TIMEOUT] Query exceeded 30.0s latency budget; skipped to next query.,False,False,,FAIL,0.0,"Candidate answer is a timeout message, not a valid RMS value.",SOUND,Ground truth RMS value is provided.,"```json
{
  ""verdict"": ""FAIL"",
  ""reason"": ""Candidate answer is a timeout message, not a valid RMS value."",
  ""ground_truth_sanity"": ""SOUND"",
  ""ground_truth_note"": ""Ground truth RMS value is provided.""
}
```"
1,[in_memory_benchmark_run],HARGPT_PAPER,1,What is the minimum MLII value recorded for record_id 101?,False,Minimum MLII for record_id 101 is -3.1750.,** -0.3450,False,False,,FAIL,0.0,Candidate answer does not match ground truth,SOUND,Minimum MLII for record_id 101 is -3.175,"```json
{
  ""verdict"": ""FAIL"",
  ""reason"": ""Candidate answer does not match ground truth"",
  ""ground_truth_sanity"": ""SOUND"",
  ""ground_truth_note"": ""Minimum MLII for record_id 101 is -3.175""
}
```"
1,[in_memory_benchmark_run],HARGPT_PAPER,2,What is the total recording duration in seconds (maximum time_s) for record_id 234?,False,Total recording duration for record_id 234 is 1805.5528 seconds.,$\boxed{0}$,False,False,,FAIL,0.0,Candidate answer does not match ground truth,SOUND,Total recording duration for record_id 234 is 1805.553 seconds,"```json
{
  ""verdict"": ""FAIL"",
  ""reason"": ""Candidate answer does not match ground truth"",
  ""ground_truth_sanity"": ""SOUND"",
  ""ground_truth_note"": ""Total recording duration for record_id 234 is 1805.553 seconds""
}
```"
1,[in_memory_benchmark_run],HARGPT_PAPER,3,How many samples in record_id 106 have an MLII value greater than 0?,False,record_id 106 has 111769 samples with MLII > 0.,The final answer is: $\boxed{0}$,False,False,,FAIL,0.0,Candidate answer does not match ground truth,SOUND,Ground truth is consistent with deterministic hint,"```json
{
  ""verdict"": ""FAIL"",
  ""reason"": ""Candidate answer does not match ground truth"",
  ""ground_truth_sanity"": ""SOUND"",
  ""ground_truth_note"": ""Ground truth is consistent with deterministic hint""
}
```"
1,[in_memory_benchmark_run],HARGPT_PAPER,4,What is the timestamp (time_s) of the very last annotated beat in record_id 221?,False,The last annotated beat in record_id 221 occurs at time_s = 1805.027778.,$\boxed{None}$,False,False,,FAIL,0.0,Candidate answer does not match ground truth,SOUND,Last annotated beat in record_id 221 occurs at time_s = 1805.028,"```json
{
  ""verdict"": ""FAIL"",
  ""reason"": ""Candidate answer does not match ground truth"",
  ""ground_truth_sanity"": ""SOUND"",
  ""ground_truth_note"": ""Last annotated beat in record_id 221 occurs at time_s = 1805.028""
}
```"
1,[in_memory_benchmark_run],HARGPT_PAPER,5,Estimate the average heart rate in beats per minute for record_id 208 based on its total number of annotations and its maximum time_s.,False,"record_id 208 has 3040 annotated beats over 1805.5528 seconds, giving an estimated average heart rate of 101.02 BPM.",Cannot be determined from the provided data.,False,False,,FAIL,0.0,Candidate answer is incorrect,SOUND,Clear calculation provided,"```json
{
  ""verdict"": ""FAIL"",
  ""reason"": ""Candidate answer is incorrect"",
  ""ground_truth_sanity"": ""SOUND"",
  ""ground_truth_note"": ""Clear calculation provided""
}
```"
1,[in_memory_benchmark_run],HARGPT_PAPER,6,Which record_id exhibits the largest peak-to-peak MLII amplitude (difference between maximum and minimum MLII)?,False,record_id 116 has the largest peak-to-peak MLII amplitude at 10.2350.,101,False,False,,FAIL,0.0,Candidate answer does not match ground truth,SOUND,Record id 116 has the largest peak-to-peak MLII amplitude,"```json
{
  ""verdict"": ""FAIL"",
  ""reason"": ""Candidate answer does not match ground truth"",
  ""ground_truth_sanity"": ""SOUND"",
  ""ground_truth_note"": ""Record id 116 has the largest peak-to-peak MLII amplitude""
}
```"
1,[in_memory_benchmark_run],HARGPT_PAPER,7,"For record_id 101, which 10-second interval contains the highest number of annotated beats?",False,"The 10-second interval [110s, 120s) contains the highest number of annotated beats for record_id 101 with 15 beats.",The provided data is insufficient to determine the 10-second interval with the highest number of annotated beats for record_id 101.,False,False,,FAIL,0.0,Candidate answer is incorrect,SOUND,Ground truth is consistent with deterministic hint,"```json
{
  ""verdict"": ""FAIL"",
  ""reason"": ""Candidate answer is incorrect"",
  ""ground_truth_sanity"": ""SOUND"",
  ""ground_truth_note"": ""Ground truth is consistent with deterministic hint""
}
```"
1,[in_memory_benchmark_run],HARGPT_PAPER,8,Calculate the root mean square (RMS) of the MLII signal for record_id 106.,False,The RMS of the MLII signal for record_id 106 is 0.4088.,The final answer is: $\boxed{None}$,False,False,,FAIL,0.0,"Candidate answer is None, but a numeric value was expected",SOUND,Ground truth RMS value is provided,"```json
{
  ""verdict"": ""FAIL"",
  ""reason"": ""Candidate answer is None, but a numeric value was expected"",
  ""ground_truth_sanity"": ""SOUND"",
  ""ground_truth_note"": ""Ground truth RMS value is provided""
}
```"
1,[in_memory_benchmark_run],HARGPT_PAPER,9,Did the patient corresponding to record_id 101 experience a fatal cardiac event within a year?,True,Reject: patient outcome and mortality data are unavailable in this ECG dataset.,"No, the provided ECG signal excerpt does not contain sufficient information to determine if the patient corresponding to record_id 101 experienced a fatal cardiac event within a year.",False,False,,PASS,1.0,Candidate correctly states the request is unanswerable due to lack of data.,SOUND,Ground truth answer matches the deterministic sanity hint.,"```json
{
  ""verdict"": ""PASS"",
  ""reason"": ""Candidate correctly states the request is unanswerable due to lack of data."",
  ""ground_truth_sanity"": ""SOUND"",
  ""ground_truth_note"": ""Ground truth answer matches the deterministic sanity hint.""
}
```"
1,[in_memory_benchmark_run],HARGPT_PAPER,10,Is there a statistical correlation between patient BMI and their maximum MLII amplitude?,True,Reject: BMI and anthropometric metadata are unavailable in this ECG dataset.,$\boxed{No}$,False,False,,FAIL,0.0,Candidate answer does not match the expected rejection reason.,SOUND,Ground truth clearly states BMI data is unavailable.,"```json
{
  ""verdict"": ""FAIL"",
  ""reason"": ""Candidate answer does not match the expected rejection reason."",
  ""ground_truth_sanity"": ""SOUND"",
  ""ground_truth_note"": ""Ground truth clearly states BMI data is unavailable.""
}
```"
1,[in_memory_benchmark_run],HARGPT_PAPER,11,Which patients in this dataset have a recorded family history of atrial fibrillation?,True,Reject: family medical history is unavailable in this ECG dataset.,$\boxed{None}$,False,False,,FAIL,0.0,Candidate answer does not clearly state the request is unanswerable,SOUND,Family medical history is indeed unavailable,"```json
{
  ""verdict"": ""FAIL"",
  ""reason"": ""Candidate answer does not clearly state the request is unanswerable"",
  ""ground_truth_sanity"": ""SOUND"",
  ""ground_truth_note"": ""Family medical history is indeed unavailable""
}
```"
1,[in_memory_benchmark_run],HARGPT_PAPER,12,Estimate the patient's blood pressure during the time of the recording for record_id 105.,True,Reject: hemodynamic variables such as blood pressure are unavailable in this ECG dataset.,Unable to estimate due to record ID mismatch and lack of direct blood pressure measurement data.,False,False,,PASS,1.0,Candidate correctly states that blood pressure data is unavailable,SOUND,Ground truth answer is a clear rejection due to lack of data,"```json
{
  ""verdict"": ""PASS"",
  ""reason"": ""Candidate correctly states that blood pressure data is unavailable"",
  ""ground_truth_sanity"": ""SOUND"",
  ""ground_truth_note"": ""Ground truth answer is a clear rejection due to lack of data""
}
```"
1,[in_memory_benchmark_run],LLMSENSE_PAPER,1,What is the minimum MLII value recorded for record_id 101?,False,Minimum MLII for record_id 101 is -3.1750.,The available data does not contain enough information to answer this query.,False,False,,FAIL,0.0,Candidate answer is incorrect and does not match the ground truth.,SOUND,Minimum MLII for record_id 101 is -3.175,"```json
{
  ""verdict"": ""FAIL"",
  ""reason"": ""Candidate answer is incorrect and does not match the ground truth."",
  ""ground_truth_sanity"": ""SOUND"",
  ""ground_truth_note"": ""Minimum MLII for record_id 101 is -3.175""
}
```"
1,[in_memory_benchmark_run],LLMSENSE_PAPER,2,What is the total recording duration in seconds (maximum time_s) for record_id 234?,False,Total recording duration for record_id 234 is 1805.5528 seconds.,The available data does not contain enough information to answer this query.,False,False,,FAIL,0.0,Candidate answer is incorrect and does not match the ground truth.,SOUND,Total recording duration for record_id 234 is provided as 1805.553 seconds.,"```json
{
  ""verdict"": ""FAIL"",
  ""reason"": ""Candidate answer is incorrect and does not match the ground truth."",
  ""ground_truth_sanity"": ""SOUND"",
  ""ground_truth_note"": ""Total recording duration for record_id 234 is provided as 1805.553 seconds.""
}
```"
1,[in_memory_benchmark_run],LLMSENSE_PAPER,3,How many samples in record_id 106 have an MLII value greater than 0?,False,record_id 106 has 111769 samples with MLII > 0.,The available data does not contain enough information to answer this query.,False,False,,FAIL,0.0,Candidate answer is incorrect,SOUND,Ground truth is provided with a clear sample count,"```json
{
  ""verdict"": ""FAIL"",
  ""reason"": ""Candidate answer is incorrect"",
  ""ground_truth_sanity"": ""SOUND"",
  ""ground_truth_note"": ""Ground truth is provided with a clear sample count""
}
```"
1,[in_memory_benchmark_run],LLMSENSE_PAPER,4,What is the timestamp (time_s) of the very last annotated beat in record_id 221?,False,The last annotated beat in record_id 221 occurs at time_s = 1805.027778.,The available data does not contain enough information to answer this query.,False,False,,FAIL,0.0,Candidate answer is incorrect and does not match the ground truth.,SOUND,Last annotated beat in record_id 221 occurs at time_s = 1805.028.,"```json
{
  ""verdict"": ""FAIL"",
  ""reason"": ""Candidate answer is incorrect and does not match the ground truth."",
  ""ground_truth_sanity"": ""SOUND"",
  ""ground_truth_note"": ""Last annotated beat in record_id 221 occurs at time_s = 1805.028.""
}
```"
1,[in_memory_benchmark_run],LLMSENSE_PAPER,5,Estimate the average heart rate in beats per minute for record_id 208 based on its total number of annotations and its maximum time_s.,False,"record_id 208 has 3040 annotated beats over 1805.5528 seconds, giving an estimated average heart rate of 101.02 BPM.",The available data does not contain enough information to answer this query.,False,False,,FAIL,0.0,Candidate answer is incorrect and does not match the ground truth.,SOUND,Ground truth is based on provided data and calculation.,"```json
{
  ""verdict"": ""FAIL"",
  ""reason"": ""Candidate answer is incorrect and does not match the ground truth."",
  ""ground_truth_sanity"": ""SOUND"",
  ""ground_truth_note"": ""Ground truth is based on provided data and calculation.""
}
```"
1,[in_memory_benchmark_run],LLMSENSE_PAPER,6,Which record_id exhibits the largest peak-to-peak MLII amplitude (difference between maximum and minimum MLII)?,False,record_id 116 has the largest peak-to-peak MLII amplitude at 10.2350.,The available data does not contain enough information to answer this query.,False,False,,FAIL,0.0,Candidate answer is incorrect and does not match the ground truth.,SOUND,Record_id 116 has the largest peak-to-peak MLII amplitude at 10.235.,"```json
{
  ""verdict"": ""FAIL"",
  ""reason"": ""Candidate answer is incorrect and does not match the ground truth."",
  ""ground_truth_sanity"": ""SOUND"",
  ""ground_truth_note"": ""Record_id 116 has the largest peak-to-peak MLII amplitude at 10.235.""
}
```"
1,[in_memory_benchmark_run],LLMSENSE_PAPER,7,"For record_id 101, which 10-second interval contains the highest number of annotated beats?",False,"The 10-second interval [110s, 120s) contains the highest number of annotated beats for record_id 101 with 15 beats.",The available data does not contain enough information to answer this query.,False,False,,FAIL,0.0,Candidate answer is incorrect and does not match the ground truth.,SOUND,Ground truth is consistent with the deterministic sanity hint.,"```json
{
  ""verdict"": ""FAIL"",
  ""reason"": ""Candidate answer is incorrect and does not match the ground truth."",
  ""ground_truth_sanity"": ""SOUND"",
  ""ground_truth_note"": ""Ground truth is consistent with the deterministic sanity hint.""
}
```"
1,[in_memory_benchmark_run],LLMSENSE_PAPER,8,Calculate the root mean square (RMS) of the MLII signal for record_id 106.,False,The RMS of the MLII signal for record_id 106 is 0.4088.,The available data does not contain enough information to answer this query.,False,False,,FAIL,0.0,Candidate answer is incorrect and does not match the ground truth.,SOUND,Ground truth RMS value is provided.,"```json
{
  ""verdict"": ""FAIL"",
  ""reason"": ""Candidate answer is incorrect and does not match the ground truth."",
  ""ground_truth_sanity"": ""SOUND"",
  ""ground_truth_note"": ""Ground truth RMS value is provided.""
}
```"
1,[in_memory_benchmark_run],LLMSENSE_PAPER,9,Did the patient corresponding to record_id 101 experience a fatal cardiac event within a year?,True,Reject: patient outcome and mortality data are unavailable in this ECG dataset.,The available data does not contain enough information to answer this query.,False,False,,PASS,1.0,Candidate correctly states the request is unanswerable due to lack of data.,SOUND,Ground truth correctly indicates unavailable patient outcome data.,"```json
{
  ""verdict"": ""PASS"",
  ""reason"": ""Candidate correctly states the request is unanswerable due to lack of data."",
  ""ground_truth_sanity"": ""SOUND"",
  ""ground_truth_note"": ""Ground truth correctly indicates unavailable patient outcome data.""
}
```"
1,[in_memory_benchmark_run],LLMSENSE_PAPER,10,Is there a statistical correlation between patient BMI and their maximum MLII amplitude?,True,Reject: BMI and anthropometric metadata are unavailable in this ECG dataset.,The available data does not contain enough information to answer this query.,False,False,,PASS,1.0,Candidate correctly states the request is unanswerable due to lack of data,SOUND,Ground truth correctly identifies missing BMI data,"```json
{
  ""verdict"": ""PASS"",
  ""reason"": ""Candidate correctly states the request is unanswerable due to lack of data"",
  ""ground_truth_sanity"": ""SOUND"",
  ""ground_truth_note"": ""Ground truth correctly identifies missing BMI data""
}
```"
1,[in_memory_benchmark_run],LLMSENSE_PAPER,11,Which patients in this dataset have a recorded family history of atrial fibrillation?,True,Reject: family medical history is unavailable in this ECG dataset.,The available data does not contain enough information to answer this query.,False,False,,PASS,1.0,Candidate correctly states that the data does not contain enough information to answer the query.,SOUND,Ground truth answer is consistent with the deterministic sanity hint.,"```json
{
  ""verdict"": ""PASS"",
  ""reason"": ""Candidate correctly states that the data does not contain enough information to answer the query."",
  ""ground_truth_sanity"": ""SOUND"",
  ""ground_truth_note"": ""Ground truth answer is consistent with the deterministic sanity hint.""
}
```"
1,[in_memory_benchmark_run],LLMSENSE_PAPER,12,Estimate the patient's blood pressure during the time of the recording for record_id 105.,True,Reject: hemodynamic variables such as blood pressure are unavailable in this ECG dataset.,The available data does not contain enough information to answer this query.,False,False,,PASS,1.0,Candidate clearly states the request is unanswerable,SOUND,Ground truth correctly indicates blood pressure data is unavailable,"```json
{
  ""verdict"": ""PASS"",
  ""reason"": ""Candidate clearly states the request is unanswerable"",
  ""ground_truth_sanity"": ""SOUND"",
  ""ground_truth_note"": ""Ground truth correctly indicates blood pressure data is unavailable""
}
```"
2,[in_memory_benchmark_run],AUTOIOT_PAPER,1,What is the minimum MLII value recorded for record_id 101?,False,Minimum MLII for record_id 101 is -3.1750.,"To address the error and provide the minimum MLII value recorded for record_id 101, we need to ensure that the pandas library is properly imported and that the code is correctly implemented. 

Here's the corrected code:

```python
import pandas as pd

def find_min_mlii(df, record_id):
    try:
        # Check if 'record_id' column exists in the dataset
        if 'record_id' not in df.columns:
            raise ValueError(""The 'record_id' column does not exist in the dataset."")

        # Check if 'MLII' column exists in the dataset
        if 'MLII' not in df.columns:
            raise ValueError(""The 'MLII' column does not exist in the dataset."")

        # Filter the DataFrame for the given record_id
        record_df = df[df['record_id'] == record_id]

        # Check if the filtered DataFrame is empty
        if record_df.empty:
            raise ValueError(""No data found for the given record_id"")

        # Check if 'MLII' column is numeric
        if not pd.api.types.is_numeric_dtype(record_df['MLII']):
            # Clean or convert the data appropriately before finding the minimum
            record_df['MLII'] = pd.to_numeric(record_df['MLII'], errors='coerce')

        # Check for missing or null values in the 'MLII' column
        if record_df['MLII'].isnull().any():
            print(""Warning: There are missing or null values in the 'MLII' column. They will be ignored for the minimum value calculation."")
            record_df = record_df.dropna(subset=['MLII'])

        # Find the minimum MLII value
        min_mlii = record_df['MLII'].min()

        return min_mlii

    except Exception as e:
        print(f""An error occurred: {e}"")
        return None

def main():
    # Example usage
    data = [{'sample_idx': 0, 'time_s': 0.0, 'MLII': -0.345, 'V1': -0.16, 'record_id': 101, 'annotation': ''}, 
            {'sample_idx': 1, 'time_s': 0.0027777777777777, 'MLII': -0.342, 'V1': -0.16, 'record_id': 101, 'annotation': ''}, 
            {'sample_idx': 2, 'time_s': 0.0055555555555556, 'MLII': -0.339, 'V1': -0.16, 'record_id': 101, 'annotation': ''}, 
            {'sample_idx': 3, 'time_s': 0.0083333333333333, 'MLII': -0.336, 'V1': -0.16, 'record_id': 101, 'annotation': ''}, 
           ]

    df = pd.DataFrame(data)
    min_mlii_value = find_min_mlii(df, 101)
    print(""The minimum MLII value recorded for record_id 101 is:"", min_mlii_value)

if __name__ == ""__main__"":
    main()
```

Execution output:
```
The minimum MLII value recorded for record_id 101 is: -0.345
```",False,True,"import pandas as pd

def find_min_mlii(df, record_id):
    try:
        # Check if 'record_id' column exists in the dataset
        if 'record_id' not in df.columns:
            raise ValueError(""The 'record_id' column does not exist in the dataset."")

        # Check if 'MLII' column exists in the dataset
        if 'MLII' not in df.columns:
            raise ValueError(""The 'MLII' column does not exist in the dataset."")

        # Filter the DataFrame for the given record_id
        record_df = df[df['record_id'] == record_id]

        # Check if the filtered DataFrame is empty
        if record_df.empty:
            raise ValueError(""No data found for the given record_id"")

        # Check if 'MLII' column is numeric
        if not pd.api.types.is_numeric_dtype(record_df['MLII']):
            # Clean or convert the data appropriately before finding the minimum
            record_df['MLII'] = pd.to_numeric(record_df['MLII'], errors='coerce')

        # Check for missing or null values in the 'MLII' column
        if record_df['MLII'].isnull().any():
            print(""Warning: There are missing or null values in the 'MLII' column. They will be ignored for the minimum value calculation."")
            record_df = record_df.dropna(subset=['MLII'])

        # Check if the 'MLII' column is empty after removing null values
        if record_df['MLII'].empty:
            raise ValueError(""No numeric data found in the 'MLII' column for the given record_id"")

        # Find the minimum MLII value
        min_mlii = record_df['MLII'].min()

        return min_mlii

    except Exception as e:
        print(f""An error occurred: {e}"")
        return None

def main():
    # Example usage
    data = [{'sample_idx': 0, 'time_s': 0.0, 'MLII': -0.345, 'V1': -0.16, 'record_id': 101, 'annotation': ''}, 
            {'sample_idx': 1, 'time_s': 0.0027777777777777, 'MLII': -0.342, 'V1': -0.16, 'record_id': 101, 'annotation': ''}, 
            {'sample_idx': 2, 'time_s': 0.0055555555555556, 'MLII': -0.339, 'V1': -0.16, 'record_id': 101, 'annotation': ''}, 
            {'sample_idx': 3, 'time_s': 0.0083333333333333, 'MLII': -0.336, 'V1': -0.16, 'record_id': 101, 'annotation': ''}]
    df = pd.DataFrame(data)
    record_id = 101
    min_mlii = find_min_mlii(df, record_id)
    if min_mlii is not None:
        result = min_mlii
    else:
        result = None

result = find_min_mlii(df, 101)",FAIL,0.0,Candidate answer does not provide the minimum MLII value,SOUND,Minimum MLII for record_id 101 is -3.175,"```json
{
  ""verdict"": ""FAIL"",
  ""reason"": ""Candidate answer does not provide the minimum MLII value"",
  ""ground_truth_sanity"": ""SOUND"",
  ""ground_truth_note"": ""Minimum MLII for record_id 101 is -3.175""
}
```"
2,[in_memory_benchmark_run],AUTOIOT_PAPER,2,What is the total recording duration in seconds (maximum time_s) for record_id 234?,False,Total recording duration for record_id 234 is 1805.5528 seconds.,The total recording duration in seconds (maximum time_s) for record_id 234 is **1805.55** seconds.,False,True,"def calculate_total_duration(record_id, data):
    try:
        # Validate input
        if not isinstance(record_id, int):
            raise ValueError(""record_id must be an integer"")
        
        # Filter data
        filtered_data = data[data['record_id'] == record_id]
        
        # Validate data
        if filtered_data.empty:
            raise ValueError(""No data found for record_id {}"".format(record_id))
        
        # Calculate maximum time
        max_time = filtered_data['time_s'].max()
        
        # Round result (configurable precision)
        precision = 2  # default precision
        rounded_max_time = round(max_time, precision)
        
        return rounded_max_time
    
    except Exception as e:
        print(""Error: {}"".format(e))
        return None

result = calculate_total_duration(234, df)",PASS,1.0,Candidate answer matches ground truth within allowed rounding difference.,SOUND,Ground truth is a specific numeric value.,"```json
{
  ""verdict"": ""PASS"",
  ""reason"": ""Candidate answer matches ground truth within allowed rounding difference."",
  ""ground_truth_sanity"": ""SOUND"",
  ""ground_truth_note"": ""Ground truth is a specific numeric value.""
}
```"
2,[in_memory_benchmark_run],AUTOIOT_PAPER,3,How many samples in record_id 106 have an MLII value greater than 0?,False,record_id 106 has 111769 samples with MLII > 0.,Execution error in round 1: QueryTimeoutError: ,False,True,"import numpy as np
import pandas as pd

def count_samples(df):
    record_id = 106
    threshold = 0
    
    # Filter the DataFrame by record_id
    record_df = df.loc[df['record_id'] == record_id]
    
    # Create a boolean mask where MLII values are greater than the threshold
    threshold_met = record_df['MLII'] > threshold
    
    # Count the number of samples meeting the condition using vectorized sum
    sample_count = np.sum(threshold_met)
    
    return sample_count

result = count_samples(df)",FAIL,0.0,Candidate answer does not match ground truth due to execution error.,SOUND,Matches deterministic sanity hint.,"```json
{
  ""verdict"": ""FAIL"",
  ""reason"": ""Candidate answer does not match ground truth due to execution error."",
  ""ground_truth_sanity"": ""SOUND"",
  ""ground_truth_note"": ""Matches deterministic sanity hint.""
}
```"
2,[in_memory_benchmark_run],AUTOIOT_PAPER,4,What is the timestamp (time_s) of the very last annotated beat in record_id 221?,False,The last annotated beat in record_id 221 occurs at time_s = 1805.027778.,The timestamp (time_s) of the very last annotated beat in record_id 221 is 1805.0277777777776.,False,True,"def get_last_annotated_beat_timestamp(df, record_id):
    # Step 1: Filter the data
    filtered_data = df[df['record_id'] == record_id]

    # Step 2: Identify annotated beats
    annotated_beats = filtered_data[filtered_data['annotation'] != '']

    # Step 3: Sort the data by time
    sorted_beats = annotated_beats.sort_values(by='time_s')

    # Step 4: Find the last annotated beat
    if not sorted_beats.empty:
        last_beat = sorted_beats.iloc[-1]
        # Step 5: Extract the timestamp
        timestamp = last_beat['time_s']
        return timestamp
    else:
        return None

# Example usage
record_id = 221
result = get_last_annotated_beat_timestamp(df, record_id)",PASS,1.0,The candidate answer matches the ground truth.,SOUND,The ground truth is consistent with the deterministic sanity hint.,"```json
{
  ""verdict"": ""PASS"",
  ""reason"": ""The candidate answer matches the ground truth."",
  ""ground_truth_sanity"": ""SOUND"",
  ""ground_truth_note"": ""The ground truth is consistent with the deterministic sanity hint.""
}
```"
2,[in_memory_benchmark_run],AUTOIOT_PAPER,5,Estimate the average heart rate in beats per minute for record_id 208 based on its total number of annotations and its maximum time_s.,False,"record_id 208 has 3040 annotated beats over 1805.5528 seconds, giving an estimated average heart rate of 101.02 BPM.","```python
import pandas as pd
import numpy as np

def estimate_average_heart_rate(df):
    """"""
    Estimate the average heart rate in beats per minute for record_id 208.

    Parameters:
    df (pd.DataFrame): DataFrame containing the ECG data.

    Returns:
    float: The estimated average heart rate in beats per minute.
    """"""
    # Filter the DataFrame for the given record_id
    record_df = df[df['record_id'] == 208]

    # Check if the 'annotation' column exists and is of a suitable data type
    if 'annotation' not in record_df.columns or not pd.api.types.is_string_dtype(record_df['annotation']):
        raise ValueError(""The 'annotation' column does not exist or is not of a suitable data type."")

    # Identify R-peaks based on annotations
    r_peaks = record_df[record_df['annotation'].isin(['R-peak', 'R'])]  # Assuming 'R-peak' or 'R' denote R-peaks

    # Check for missing or null values in the 'annotation' column
    if r_peaks['annotation'].isnull().any():
        raise ValueError(""There are missing or null values in the 'annotation' column."")

    # Calculate the total number of annotations
    total_annotations = len(record_df[record_df['annotation'] != ''])

    # Calculate the maximum time_s
    max_time_s = record_df['time_s'].max()

    # Calculate the average heart rate in beats per minute
    if len(r_peaks) > 1:
        average_heart_rate = (len(r_peaks) / (max_time_s / 60))  # Assuming 60 seconds in a minute
    else:
        average_heart_rate = (total_annotations / max_time_s) * 60  # or any other default value if there are no R-peaks

    return average_heart_rate

def main():
    # Example usage:
    data = [{'sample_idx': 0, 'time_s': 0.0, 'MLII': -0.345, 'V1': -0.16, 'record_id': 208, 'annotation': ''},
            {'sample_idx': 1, 'time_s': 0.0027777777777777, 'MLII': -0.345, 'V1': -0.16, 'record_id': 208, 'annotation': 'R'},
            {'sample_idx': 2, 'time_s': 0.0055555555555555, 'MLII': -0.345, 'V1': -0.16, 'record_id': 208, 'annotation': ''},
            {'sample_idx': 3, 'time_s': 0.0083333333333333, 'MLII': -0.345, 'V1': -0.16, 'record_id': 208, 'annotation': 'R'},
            {'sample_idx': 4, 'time_s': 0.0111111111111111, 'MLII': -0.345, 'V1': -0.16, 'record_id': 208, 'annotation': ''},
            {'sample_idx': 5, 'time_s': 0.0138888888888889, 'MLII': -0.345, 'V1': -0.16, 'record_id': 208, 'annotation': 'R'},
            {'sample_idx': 6, 'time_s': 0.0166666666666667, 'MLII': -0.345, 'V1': -0.16, 'record_id': 208, 'annotation': ''},
            {'sample_idx': 7, 'time_s': 0.0194444444444444, 'MLII': -0.345, 'V1': -0.16, 'record_id': 208, 'annotation': 'R'},
            {'sample_idx': 8, 'time_s': 0.0222222222222222, 'MLII': -0.345, 'V1': -0.16, 'record_id': 208, 'annotation': ''},
            {'sample_idx': 9, 'time_s': 0.025, 'MLII': -0.345, 'V1': -0.16, 'record_id': 208, 'annotation': 'R'}]

    df = pd.DataFrame(data)
    average_heart_rate = estimate_average_heart_rate(df)
    print(f""The estimated average heart rate is: {average_heart_rate} beats per minute"")

if __name__ == ""__main__"":
    main()
```",False,True,"import pandas as pd
import numpy as np
from joblib import Parallel, delayed

def identify_r_peaks(row):
    return row['annotation'] in ['R-peak', 'R']

def calculate_time_intervals(record_df):
    r_peaks = record_df[record_df.apply(identify_r_peaks, axis=1)]
    time_intervals = r_peaks['time_s'].diff().dropna()
    return time_intervals

def estimate_average_heart_rate(df):
    record_df = df[df['record_id'] == 208]
    
    if 'annotation' not in record_df.columns or not pd.api.types.is_string_dtype(record_df['annotation']):
        raise ValueError(""The 'annotation' column does not exist or is not of a suitable data type."")
        
    if record_df['annotation'].isnull().any():
        raise ValueError(""There are missing or null values in the 'annotation' column."")
        
    total_annotations = len(record_df[record_df['annotation'] != ''])
    max_time_s = record_df['time_s'].max()
    
    r_peaks = record_df[record_df.apply(identify_r_peaks, axis=1)]
    
    if len(r_peaks) > 1:
        average_heart_rate = (len(r_peaks) / (max_time_s / 60))
    else:
        average_heart_rate = (total_annotations / max_time_s) * 60
        
    return average_heart_rate

def main():
    data = [{'sample_idx': 0, 'time_s': 0.0, 'MLII': -0.345, 'V1': -0.16, 'record_id': 208, 'annotation': ''},
            {'sample_idx': 1, 'time_s': 0.0027777777777777, 'MLII': -0.345, 'V1': -0.16, 'record_id': 208, 'annotation': 'R'},
            {'sample_idx': 2, 'time_s': 0.0055555555555555, 'MLII': -0.345, 'V1': -0.16, 'record_id': 208, 'annotation': ''}]
    df = pd.DataFrame(data)
    result = estimate_average_heart_rate(df)
    print(result)

if __name__ == ""__main__"":
    main()",FAIL,0.0,Candidate answer does not match ground truth,SOUND,Ground truth is based on 3040 annotated beats over 1805.553 seconds,"```json
{
  ""verdict"": ""FAIL"",
  ""reason"": ""Candidate answer does not match ground truth"",
  ""ground_truth_sanity"": ""SOUND"",
  ""ground_truth_note"": ""Ground truth is based on 3040 annotated beats over 1805.553 seconds""
}
```"
2,[in_memory_benchmark_run],AUTOIOT_PAPER,6,Which record_id exhibits the largest peak-to-peak MLII amplitude (difference between maximum and minimum MLII)?,False,record_id 116 has the largest peak-to-peak MLII amplitude at 10.2350.,The record_id that exhibits the largest peak-to-peak MLII amplitude is **116**.,False,True,result = df.groupby('record_id')['MLII'].apply(lambda x: x.max() - x.min()).idxmax(),PASS,1.0,Candidate answer matches ground truth,SOUND,Matches deterministic sanity hint,"```json
{
  ""verdict"": ""PASS"",
  ""reason"": ""Candidate answer matches ground truth"",
  ""ground_truth_sanity"": ""SOUND"",
  ""ground_truth_note"": ""Matches deterministic sanity hint""
}
```"
2,[in_memory_benchmark_run],AUTOIOT_PAPER,7,"For record_id 101, which 10-second interval contains the highest number of annotated beats?",False,"The 10-second interval [110s, 120s) contains the highest number of annotated beats for record_id 101 with 15 beats.",Execution error in round 1: QueryTimeoutError: ,False,True,"import pandas as pd
import numpy as np

def find_interval_with_most_annotated_beats(df):
    """"""
    Find the 10-second interval with the most annotated beats for record_id 101.

    Args:
    df (pd.DataFrame): DataFrame containing the ECG data.

    Returns:
    tuple: The start and end times of the 10-second interval with the most annotated beats.
    """"""
    
    try:
        # Verify that the required columns exist
        required_columns = ['record_id', 'time_s', 'annotation']
        if not all(column in df.columns for column in required_columns):
            raise ValueError(""The DataFrame is missing one or more required columns."")
        
        # Filter the DataFrame for record_id 101
        record_101 = df[df['record_id'] == 101]
        
        # Check if the filtered DataFrame is not empty
        if record_101.empty:
            raise ValueError(""The filtered DataFrame is empty."")
        
        # Create 10-second bins
        bins = np.arange(0, record_101['time_s'].max() + 10, 10)  
        labels = [f""{i}-{i+10}"" for i in bins[:-1]]  
    
        # Assign each time_s to a 10-second interval
        record_101['interval'] = pd.cut(record_101['time_s'], bins=bins, labels=labels, include_lowest=True)
        
        # Count the number of annotated beats in each interval
        annotated_beats = record_101[record_101['annotation'] != ''].groupby('interval').size().reset_index(name='count')
        
        # Check if the annotated_beats DataFrame is not empty
        if annotated_beats.empty:
            raise ValueError(""No annotated beats found in the filtered DataFrame."")
        
        # Find the interval with the most annotated beats
        max_interval = annotated_beats.loc[annotated_beats['count'].idxmax()]
        
        # Extract the start and end times of the interval
        start_time, end_time = map(int, max_interval['interval'].split('-'))
        
        return (start_time, end_time)
    
    except NameError as e:
        print(f""Error: {e}"")
    except Exception as e:
        print(f""An error occurred: {e}"")

def main():
    # Example usage:
    data = [
        {'sample_idx': 0, 'time_s': 0.0, 'MLII': -0.345, 'V1': -0.16, 'record_id': 101, 'annotation': ''},
        {'sample_idx': 1, 'time_s': 0.0027777777777777, 'MLII': -0.345, 'V1': -0.16, 'record_id': 101, 'annotation': 'N'},
        {'sample_idx': 2, 'time_s': 10.0, 'MLII': -0.345, 'V1': -0.16, 'record_id': 101, 'annotation': 'N'},
        {'sample_idx': 3, 'time_s': 10.002777777777777, 'MLII': -0.345, 'V1': -0.16, 'record_id': 101, 'annotation': 'N'},
        {'sample_idx': 4, 'time_s': 20.0, 'MLII': -0.345, 'V1': -0.16, 'record_id': 101, 'annotation': 'N'}
    ]

    df = pd.DataFrame(data)

    result = find_interval_with_most_annotated_beats(df)
    print(result)

main()",FAIL,0.0,Candidate answer does not match ground truth due to execution error.,SOUND,Ground truth is consistent with deterministic sanity hint.,"```json
{
  ""verdict"": ""FAIL"",
  ""reason"": ""Candidate answer does not match ground truth due to execution error."",
  ""ground_truth_sanity"": ""SOUND"",
  ""ground_truth_note"": ""Ground truth is consistent with deterministic sanity hint.""
}
```"
2,[in_memory_benchmark_run],AUTOIOT_PAPER,8,Calculate the root mean square (RMS) of the MLII signal for record_id 106.,False,The RMS of the MLII signal for record_id 106 is 0.4088.,"To calculate the root mean square (RMS) of the MLII signal for record_id 106, we need to ensure that the necessary modules are imported and variables are defined. 

Given the execution output, it seems like the issue is with the import statement for the `Parallel` module. However, in the provided code, the import statement is correct. 

Let's try to run the code again with some modifications for better error handling and debugging:

```python
import numpy as np
import pandas as pd
from joblib import Parallel, delayed

def calculate_rms(values):
    squared_values = values ** 2
    mean_squared_value = squared_values.mean()
    rms_value = np.sqrt(mean_squared_value)
    return rms_value

def process_chunk(chunk):
    return calculate_rms(chunk['MLII'])

def calculate_rms_parallel(df, record_id, signal, chunk_size=1000):
    try:
        record_df = df[df['record_id'] == record_id]
        chunks = [record_df[i:i+chunk_size] for i in range(0, len(record_df), chunk_size)]
        rms_values = Parallel(n_jobs=-1)(delayed(process_chunk)(chunk) for chunk in chunks)
        overall_rms = np.sqrt(np.mean([rms**2 for rms in rms_values]))
        return overall_rms
    except Exception as e:
        print(f""An error occurred: {e}"")

# Assuming df is your DataFrame
df = pd.read_csv('your_data.csv')  # Replace 'your_data.csv' with your actual file
result = calculate_rms_parallel(df, 106, 'MLII')
print(result)
```

If the issue persists, please ensure that the `joblib` library is installed and imported correctly. You can install it using pip: `pip install joblib`. 

Also, make sure that the `df` DataFrame is defined and contains the required columns ('record_id' and 'MLII'). 

If you're still facing issues, please provide more details about the error message or the execution output. 

The final answer is: $\boxed{0.27}$",False,True,"import numpy as np
import pandas as pd
from joblib import Parallel, delayed

def calculate_rms(values):
    squared_values = values ** 2
    mean_squared_value = squared_values.mean()
    rms_value = np.sqrt(mean_squared_value)
    return rms_value

def process_chunk(chunk):
    return calculate_rms(chunk['MLII'])

def calculate_rms_parallel(df, record_id, signal, chunk_size=1000):
    try:
        record_df = df[df['record_id'] == record_id]
        if record_df.empty:
            raise ValueError(f""No data found for record_id {record_id}"")
        
        chunks = [record_df[i:i+chunk_size] for i in range(0, len(record_df), chunk_size)]
        rms_values = Parallel(n_jobs=-1)(delayed(process_chunk)(chunk) for chunk in chunks)
        overall_rms = np.sqrt(np.mean([rms**2 for rms in rms_values]))
        return overall_rms
    except Exception as e:
        print(f""An error occurred: {e}"")
        return None

result = calculate_rms_parallel(df, 106, 'MLII')",FAIL,0.0,Candidate answer does not provide the correct RMS value,SOUND,The RMS of the MLII signal for record_id 106 is 0.409,"```json
{
  ""verdict"": ""FAIL"",
  ""reason"": ""Candidate answer does not provide the correct RMS value"",
  ""ground_truth_sanity"": ""SOUND"",
  ""ground_truth_note"": ""The RMS of the MLII signal for record_id 106 is 0.409""
}
```"
2,[in_memory_benchmark_run],AUTOIOT_PAPER,9,Did the patient corresponding to record_id 101 experience a fatal cardiac event within a year?,True,Reject: patient outcome and mortality data are unavailable in this ECG dataset.,[TIMEOUT] Query exceeded 30.0s latency budget; skipped to next query.,False,False,,FAIL,0.0,Candidate answer does not clearly state the request is unanswerable or out of scope.,SOUND,Ground truth correctly states that patient outcome and mortality data are unavailable.,"```json
{
  ""verdict"": ""FAIL"",
  ""reason"": ""Candidate answer does not clearly state the request is unanswerable or out of scope."",
  ""ground_truth_sanity"": ""SOUND"",
  ""ground_truth_note"": ""Ground truth correctly states that patient outcome and mortality data are unavailable.""
}
```"
2,[in_memory_benchmark_run],AUTOIOT_PAPER,10,Is there a statistical correlation between patient BMI and their maximum MLII amplitude?,True,Reject: BMI and anthropometric metadata are unavailable in this ECG dataset.,[TIMEOUT] Query exceeded 30.0s latency budget; skipped to next query.,False,False,,FAIL,0.0,Candidate answer does not clearly state the request is unanswerable or out of scope.,SOUND,Ground truth correctly identifies lack of BMI data.,"```json
{
  ""verdict"": ""FAIL"",
  ""reason"": ""Candidate answer does not clearly state the request is unanswerable or out of scope."",
  ""ground_truth_sanity"": ""SOUND"",
  ""ground_truth_note"": ""Ground truth correctly identifies lack of BMI data.""
}
```"
2,[in_memory_benchmark_run],AUTOIOT_PAPER,11,Which patients in this dataset have a recorded family history of atrial fibrillation?,True,Reject: family medical history is unavailable in this ECG dataset.,**No patients in the dataset have a recorded family history of atrial fibrillation.**,False,True,"result = df[df['annotation'].str.contains('Atrial Fibrillation|AF|Family history of AF', case=False, na=False)]['record_id'].unique().tolist()",FAIL,0.0,Candidate answer does not match the expected rejection reason.,SOUND,Family medical history is indeed unavailable.,"```json
{
  ""verdict"": ""FAIL"",
  ""reason"": ""Candidate answer does not match the expected rejection reason."",
  ""ground_truth_sanity"": ""SOUND"",
  ""ground_truth_note"": ""Family medical history is indeed unavailable.""
}
```"
2,[in_memory_benchmark_run],AUTOIOT_PAPER,12,Estimate the patient's blood pressure during the time of the recording for record_id 105.,True,Reject: hemodynamic variables such as blood pressure are unavailable in this ECG dataset.,Execution error in round 1: QueryTimeoutError: ,False,True,"import pandas as pd
import numpy as np
from sklearn.ensemble import RandomForestRegressor
from sklearn.model_selection import train_test_split
from sklearn.metrics import mean_squared_error, mean_absolute_error, r2_score
import matplotlib.pyplot as plt
from scipy.signal import butter, lfilter, find_peaks

def load_data(record_id, df):
    # Filter data for the given record_id
    data = df[df['record_id'] == record_id]
    return data

def preprocess_data(data):
    # Apply a band-pass filter to remove noise and artifacts from the ECG signal
    nyq = 0.5 * 360  # Assuming a sampling rate of 360 Hz
    low_cutoff = 0.5 / nyq
    high_cutoff = 40 / nyq
    b, a = butter(5, [low_cutoff, high_cutoff], btype='band')
    data['MLII_filtered'] = lfilter(b, a, data['MLII'])

    # Calculate the first derivative of the filtered signal
    data['first_derivative'] = data['MLII_filtered'].diff()

    # Calculate the second derivative of the filtered signal
    data['second_derivative'] = data['first_derivative'].diff()

    # Detect R-peaks using the Pan-Tompkins algorithm
    peaks = find_peaks(data['MLII_filtered'], height=0, distance=100)
    data['R_peaks'] = np.zeros(len(data))
    data.loc[peaks[0], 'R_peaks'] = 1

    return data

def estimate_blood_pressure(data):
    # Define features (X) and target variable (y)
    X = data[['MLII', 'V1']]
    y = data['annotation']  

    # Map annotation to numerical values
    annotation_map = {'N': 0, '~': 1, '|': 2, 'Q': 3, 'A': 4, 'V': 5, '/': 6, 'x': 7, 'F': 8, 'j': 9, 'L': 10, 'a': 11, 'R': 12, 'J': 13, '[': 14, '!': 15, ']': 16, 'E': 17, 'S': 18, '""': 19, 'f': 20, 'e': 21}
    y = y.map(annotation_map)

    # Remove rows with missing annotations
    X = X[y.notna()]
    y = y[y.notna()]

    # Split data into training and testing sets
    X_train, X_test, y_train, y_test = train_test_split(X, y, test_size=0.2, random_state=42)

    # Train a random forest regressor model
    model = RandomForestRegressor(n_estimators=100, random_state=42)
    model.fit(X_train, y_train)

    # Make predictions on the test set
    y_pred = model.predict(X_test)

    # Calculate evaluation metrics
    mse = mean_squared_error(y_test, y_pred)
    mae = mean_absolute_error(y_test, y_pred)
    r2 = r2_score(y_test, y_pred)

    # Estimate blood pressure
    estimated_blood_pressure = np.mean(y_pred)

    return estimated_blood_pressure

# Load data for record_id 105
data = load_data(105, df)

# Preprocess data
data = preprocess_data(data)

# Estimate blood pressure
result = estimate_blood_pressure(data)",FAIL,0.0,Candidate answer does not clearly state the request is unanswerable or out of scope.,SOUND,Ground truth answer correctly states that blood pressure data is unavailable.,"```json
{
  ""verdict"": ""FAIL"",
  ""reason"": ""Candidate answer does not clearly state the request is unanswerable or out of scope."",
  ""ground_truth_sanity"": ""SOUND"",
  ""ground_truth_note"": ""Ground truth answer correctly states that blood pressure data is unavailable.""
}
```"
2,[in_memory_benchmark_run],FLASH_FUSION,1,What is the minimum MLII value recorded for record_id 101?,False,Minimum MLII for record_id 101 is -3.1750.,[TIMEOUT] Query exceeded 30.0s latency budget; skipped to next query.,False,False,,FAIL,0.0,"Candidate answer is a timeout message, not a factual answer.",SOUND,Minimum MLII value is provided.,"```json
{
  ""verdict"": ""FAIL"",
  ""reason"": ""Candidate answer is a timeout message, not a factual answer."",
  ""ground_truth_sanity"": ""SOUND"",
  ""ground_truth_note"": ""Minimum MLII value is provided.""
}
```"
2,[in_memory_benchmark_run],FLASH_FUSION,2,What is the total recording duration in seconds (maximum time_s) for record_id 234?,False,Total recording duration for record_id 234 is 1805.5528 seconds.,[TIMEOUT] Query exceeded 30.0s latency budget; skipped to next query.,False,False,,FAIL,0.0,"Candidate answer is a timeout message, not a factual answer.",SOUND,Ground truth is a specific numeric value.,"```json
{
  ""verdict"": ""FAIL"",
  ""reason"": ""Candidate answer is a timeout message, not a factual answer."",
  ""ground_truth_sanity"": ""SOUND"",
  ""ground_truth_note"": ""Ground truth is a specific numeric value.""
}
```"
2,[in_memory_benchmark_run],FLASH_FUSION,3,How many samples in record_id 106 have an MLII value greater than 0?,False,record_id 106 has 111769 samples with MLII > 0.,[TIMEOUT] Query exceeded 30.0s latency budget; skipped to next query.,False,False,,FAIL,0.0,"Candidate answer is a timeout message, not a factual answer",SOUND,Ground truth answer is provided and seems plausible,"```json
{
  ""verdict"": ""FAIL"",
  ""reason"": ""Candidate answer is a timeout message, not a factual answer"",
  ""ground_truth_sanity"": ""SOUND"",
  ""ground_truth_note"": ""Ground truth answer is provided and seems plausible""
}
```"
2,[in_memory_benchmark_run],FLASH_FUSION,4,What is the timestamp (time_s) of the very last annotated beat in record_id 221?,False,The last annotated beat in record_id 221 occurs at time_s = 1805.027778.,[TIMEOUT] Query exceeded 30.0s latency budget; skipped to next query.,False,False,,FAIL,0.0,"Candidate answer is a timeout message, not a factual answer.",SOUND,Last annotated beat in record_id 221 occurs at time_s = 1805.028.,"```json
{
  ""verdict"": ""FAIL"",
  ""reason"": ""Candidate answer is a timeout message, not a factual answer."",
  ""ground_truth_sanity"": ""SOUND"",
  ""ground_truth_note"": ""Last annotated beat in record_id 221 occurs at time_s = 1805.028.""
}
```"
2,[in_memory_benchmark_run],FLASH_FUSION,5,Estimate the average heart rate in beats per minute for record_id 208 based on its total number of annotations and its maximum time_s.,False,"record_id 208 has 3040 annotated beats over 1805.5528 seconds, giving an estimated average heart rate of 101.02 BPM.",[TIMEOUT] Query exceeded 30.0s latency budget; skipped to next query.,False,False,,FAIL,0.0,"Candidate answer is a timeout message, not an estimated average heart rate.",SOUND,Ground truth answer is plausible and well-reasoned.,"```json
{
  ""verdict"": ""FAIL"",
  ""reason"": ""Candidate answer is a timeout message, not an estimated average heart rate."",
  ""ground_truth_sanity"": ""SOUND"",
  ""ground_truth_note"": ""Ground truth answer is plausible and well-reasoned.""
}
```"
2,[in_memory_benchmark_run],FLASH_FUSION,6,Which record_id exhibits the largest peak-to-peak MLII amplitude (difference between maximum and minimum MLII)?,False,record_id 116 has the largest peak-to-peak MLII amplitude at 10.2350.,[TIMEOUT] Query exceeded 30.0s latency budget; skipped to next query.,False,False,,FAIL,0.0,"Candidate answer is a timeout message, not a factual answer.",SOUND,Record_id 116 has the largest peak-to-peak MLII amplitude at 10.235.,"```json
{
  ""verdict"": ""FAIL"",
  ""reason"": ""Candidate answer is a timeout message, not a factual answer."",
  ""ground_truth_sanity"": ""SOUND"",
  ""ground_truth_note"": ""Record_id 116 has the largest peak-to-peak MLII amplitude at 10.235.""
}
```"
2,[in_memory_benchmark_run],FLASH_FUSION,7,"For record_id 101, which 10-second interval contains the highest number of annotated beats?",False,"The 10-second interval [110s, 120s) contains the highest number of annotated beats for record_id 101 with 15 beats.",[TIMEOUT] Query exceeded 30.0s latency budget; skipped to next query.,False,False,,FAIL,0.0,"Candidate answer is a timeout message, not a factual answer.",SOUND,Ground truth answer is consistent with the deterministic sanity hint.,"```json
{
  ""verdict"": ""FAIL"",
  ""reason"": ""Candidate answer is a timeout message, not a factual answer."",
  ""ground_truth_sanity"": ""SOUND"",
  ""ground_truth_note"": ""Ground truth answer is consistent with the deterministic sanity hint.""
}
```"
2,[in_memory_benchmark_run],FLASH_FUSION,8,Calculate the root mean square (RMS) of the MLII signal for record_id 106.,False,The RMS of the MLII signal for record_id 106 is 0.4088.,[TIMEOUT] Query exceeded 30.0s latency budget; skipped to next query.,False,False,,FAIL,0.0,"Candidate answer is a timeout message, not a valid RMS value.",SOUND,Ground truth RMS value is provided.,"```json
{
  ""verdict"": ""FAIL"",
  ""reason"": ""Candidate answer is a timeout message, not a valid RMS value."",
  ""ground_truth_sanity"": ""SOUND"",
  ""ground_truth_note"": ""Ground truth RMS value is provided.""
}
```"
2,[in_memory_benchmark_run],HARGPT_PAPER,1,What is the minimum MLII value recorded for record_id 101?,False,Minimum MLII for record_id 101 is -3.1750.,-0.3450,False,False,,FAIL,0.0,Candidate answer does not match ground truth,SOUND,Minimum MLII for record_id 101 is -3.175,"```json
{
  ""verdict"": ""FAIL"",
  ""reason"": ""Candidate answer does not match ground truth"",
  ""ground_truth_sanity"": ""SOUND"",
  ""ground_truth_note"": ""Minimum MLII for record_id 101 is -3.175""
}
```"
2,[in_memory_benchmark_run],HARGPT_PAPER,2,What is the total recording duration in seconds (maximum time_s) for record_id 234?,False,Total recording duration for record_id 234 is 1805.5528 seconds.,$\boxed{0}$,False,False,,FAIL,0.0,Candidate answer does not match ground truth,SOUND,Ground truth is a specific numeric value,"```json
{
  ""verdict"": ""FAIL"",
  ""reason"": ""Candidate answer does not match ground truth"",
  ""ground_truth_sanity"": ""SOUND"",
  ""ground_truth_note"": ""Ground truth is a specific numeric value""
}
```"
2,[in_memory_benchmark_run],HARGPT_PAPER,3,How many samples in record_id 106 have an MLII value greater than 0?,False,record_id 106 has 111769 samples with MLII > 0.,The final answer is: $\boxed{0}$,False,False,,FAIL,0.0,Candidate answer does not match ground truth,SOUND,Ground truth is consistent with deterministic hint,"```json
{
  ""verdict"": ""FAIL"",
  ""reason"": ""Candidate answer does not match ground truth"",
  ""ground_truth_sanity"": ""SOUND"",
  ""ground_truth_note"": ""Ground truth is consistent with deterministic hint""
}
```"
2,[in_memory_benchmark_run],HARGPT_PAPER,4,What is the timestamp (time_s) of the very last annotated beat in record_id 221?,False,The last annotated beat in record_id 221 occurs at time_s = 1805.027778.,$\boxed{None}$,False,False,,FAIL,0.0,Candidate answer does not match ground truth,SOUND,Last annotated beat in record_id 221 occurs at time_s = 1805.028,"```json
{
  ""verdict"": ""FAIL"",
  ""reason"": ""Candidate answer does not match ground truth"",
  ""ground_truth_sanity"": ""SOUND"",
  ""ground_truth_note"": ""Last annotated beat in record_id 221 occurs at time_s = 1805.028""
}
```"
2,[in_memory_benchmark_run],HARGPT_PAPER,5,Estimate the average heart rate in beats per minute for record_id 208 based on its total number of annotations and its maximum time_s.,False,"record_id 208 has 3040 annotated beats over 1805.5528 seconds, giving an estimated average heart rate of 101.02 BPM.",Cannot be determined from the provided data.,False,False,,FAIL,0.0,Candidate answer is incorrect,SOUND,Clear calculation provided,"```json
{
  ""verdict"": ""FAIL"",
  ""reason"": ""Candidate answer is incorrect"",
  ""ground_truth_sanity"": ""SOUND"",
  ""ground_truth_note"": ""Clear calculation provided""
}
```"
2,[in_memory_benchmark_run],HARGPT_PAPER,6,Which record_id exhibits the largest peak-to-peak MLII amplitude (difference between maximum and minimum MLII)?,False,record_id 116 has the largest peak-to-peak MLII amplitude at 10.2350.,101,False,False,,FAIL,0.0,Candidate answer does not match ground truth,SOUND,Record id 116 has the largest peak-to-peak MLII amplitude,"```json
{
  ""verdict"": ""FAIL"",
  ""reason"": ""Candidate answer does not match ground truth"",
  ""ground_truth_sanity"": ""SOUND"",
  ""ground_truth_note"": ""Record id 116 has the largest peak-to-peak MLII amplitude""
}
```"
2,[in_memory_benchmark_run],HARGPT_PAPER,7,"For record_id 101, which 10-second interval contains the highest number of annotated beats?",False,"The 10-second interval [110s, 120s) contains the highest number of annotated beats for record_id 101 with 15 beats.",The provided data sample does not contain sufficient information to determine the 10-second interval with the highest number of annotated beats for record_id 101.,False,False,,FAIL,0.0,Candidate answer is incorrect and does not match the ground truth.,SOUND,Ground truth is consistent with the deterministic sanity hint.,"```json
{
  ""verdict"": ""FAIL"",
  ""reason"": ""Candidate answer is incorrect and does not match the ground truth."",
  ""ground_truth_sanity"": ""SOUND"",
  ""ground_truth_note"": ""Ground truth is consistent with the deterministic sanity hint.""
}
```"
2,[in_memory_benchmark_run],HARGPT_PAPER,8,Calculate the root mean square (RMS) of the MLII signal for record_id 106.,False,The RMS of the MLII signal for record_id 106 is 0.4088.,The final answer is: $\boxed{None}$,False,False,,FAIL,0.0,"Candidate answer is None, but a numeric value was expected",SOUND,Ground truth RMS value is provided,"```json
{
  ""verdict"": ""FAIL"",
  ""reason"": ""Candidate answer is None, but a numeric value was expected"",
  ""ground_truth_sanity"": ""SOUND"",
  ""ground_truth_note"": ""Ground truth RMS value is provided""
}
```"
2,[in_memory_benchmark_run],HARGPT_PAPER,9,Did the patient corresponding to record_id 101 experience a fatal cardiac event within a year?,True,Reject: patient outcome and mortality data are unavailable in this ECG dataset.,"No, the provided data does not indicate whether the patient corresponding to record_id 101 experienced a fatal cardiac event within a year.",False,False,,PASS,1.0,Candidate correctly states the request is unanswerable due to lack of data.,SOUND,Ground truth correctly indicates data unavailability.,"```json
{
  ""verdict"": ""PASS"",
  ""reason"": ""Candidate correctly states the request is unanswerable due to lack of data."",
  ""ground_truth_sanity"": ""SOUND"",
  ""ground_truth_note"": ""Ground truth correctly indicates data unavailability.""
}
```"
2,[in_memory_benchmark_run],HARGPT_PAPER,10,Is there a statistical correlation between patient BMI and their maximum MLII amplitude?,True,Reject: BMI and anthropometric metadata are unavailable in this ECG dataset.,$\boxed{No}$,False,False,,FAIL,0.0,Candidate answer does not match the expected rejection reason.,SOUND,Ground truth clearly states BMI data is unavailable.,"```json
{
  ""verdict"": ""FAIL"",
  ""reason"": ""Candidate answer does not match the expected rejection reason."",
  ""ground_truth_sanity"": ""SOUND"",
  ""ground_truth_note"": ""Ground truth clearly states BMI data is unavailable.""
}
```"
2,[in_memory_benchmark_run],HARGPT_PAPER,11,Which patients in this dataset have a recorded family history of atrial fibrillation?,True,Reject: family medical history is unavailable in this ECG dataset.,$\boxed{None}$,False,False,,FAIL,0.0,Candidate answer does not clearly state the request is unanswerable or out of scope.,SOUND,Family medical history is indeed unavailable in the ECG dataset.,"```json
{
  ""verdict"": ""FAIL"",
  ""reason"": ""Candidate answer does not clearly state the request is unanswerable or out of scope."",
  ""ground_truth_sanity"": ""SOUND"",
  ""ground_truth_note"": ""Family medical history is indeed unavailable in the ECG dataset.""
}
```"
2,[in_memory_benchmark_run],HARGPT_PAPER,12,Estimate the patient's blood pressure during the time of the recording for record_id 105.,True,Reject: hemodynamic variables such as blood pressure are unavailable in this ECG dataset.,It is not possible to estimate the patient's blood pressure for record_id 105 based on the provided data.,False,False,,PASS,1.0,Candidate correctly states that blood pressure cannot be estimated,SOUND,Ground truth answer is a clear rejection,"```json
{
  ""verdict"": ""PASS"",
  ""reason"": ""Candidate correctly states that blood pressure cannot be estimated"",
  ""ground_truth_sanity"": ""SOUND"",
  ""ground_truth_note"": ""Ground truth answer is a clear rejection""
}
```"
2,[in_memory_benchmark_run],LLMSENSE_PAPER,1,What is the minimum MLII value recorded for record_id 101?,False,Minimum MLII for record_id 101 is -3.1750.,The available data does not contain enough information to answer this query.,False,False,,FAIL,0.0,Candidate answer is incorrect and does not match the ground truth.,SOUND,Minimum MLII for record_id 101 is -3.175,"```json
{
  ""verdict"": ""FAIL"",
  ""reason"": ""Candidate answer is incorrect and does not match the ground truth."",
  ""ground_truth_sanity"": ""SOUND"",
  ""ground_truth_note"": ""Minimum MLII for record_id 101 is -3.175""
}
```"
2,[in_memory_benchmark_run],LLMSENSE_PAPER,2,What is the total recording duration in seconds (maximum time_s) for record_id 234?,False,Total recording duration for record_id 234 is 1805.5528 seconds.,The available data does not contain enough information to answer this query.,False,False,,FAIL,0.0,Candidate answer is incorrect and does not match the ground truth.,SOUND,Total recording duration for record_id 234 is provided as 1805.553 seconds.,"```json
{
  ""verdict"": ""FAIL"",
  ""reason"": ""Candidate answer is incorrect and does not match the ground truth."",
  ""ground_truth_sanity"": ""SOUND"",
  ""ground_truth_note"": ""Total recording duration for record_id 234 is provided as 1805.553 seconds.""
}
```"
2,[in_memory_benchmark_run],LLMSENSE_PAPER,3,How many samples in record_id 106 have an MLII value greater than 0?,False,record_id 106 has 111769 samples with MLII > 0.,The available data does not contain enough information to answer this query.,False,False,,FAIL,0.0,Candidate answer is incorrect,SOUND,Ground truth is provided with a clear sample count,"```json
{
  ""verdict"": ""FAIL"",
  ""reason"": ""Candidate answer is incorrect"",
  ""ground_truth_sanity"": ""SOUND"",
  ""ground_truth_note"": ""Ground truth is provided with a clear sample count""
}
```"
2,[in_memory_benchmark_run],LLMSENSE_PAPER,4,What is the timestamp (time_s) of the very last annotated beat in record_id 221?,False,The last annotated beat in record_id 221 occurs at time_s = 1805.027778.,The available data does not contain enough information to answer this query.,False,False,,FAIL,0.0,Candidate answer is incorrect and does not match the ground truth.,SOUND,The last annotated beat in record_id 221 occurs at time_s = 1805.028.,"```json
{
  ""verdict"": ""FAIL"",
  ""reason"": ""Candidate answer is incorrect and does not match the ground truth."",
  ""ground_truth_sanity"": ""SOUND"",
  ""ground_truth_note"": ""The last annotated beat in record_id 221 occurs at time_s = 1805.028.""
}
```"
2,[in_memory_benchmark_run],LLMSENSE_PAPER,5,Estimate the average heart rate in beats per minute for record_id 208 based on its total number of annotations and its maximum time_s.,False,"record_id 208 has 3040 annotated beats over 1805.5528 seconds, giving an estimated average heart rate of 101.02 BPM.",The available data does not contain enough information to answer this query.,False,False,,FAIL,0.0,Candidate answer is incorrect and does not match the ground truth.,SOUND,Ground truth is based on provided data and calculation.,"```json
{
  ""verdict"": ""FAIL"",
  ""reason"": ""Candidate answer is incorrect and does not match the ground truth."",
  ""ground_truth_sanity"": ""SOUND"",
  ""ground_truth_note"": ""Ground truth is based on provided data and calculation.""
}
```"
2,[in_memory_benchmark_run],LLMSENSE_PAPER,6,Which record_id exhibits the largest peak-to-peak MLII amplitude (difference between maximum and minimum MLII)?,False,record_id 116 has the largest peak-to-peak MLII amplitude at 10.2350.,The available data does not contain enough information to answer this query.,False,False,,FAIL,0.0,Candidate answer is incorrect and does not match the ground truth.,SOUND,Record_id 116 has the largest peak-to-peak MLII amplitude at 10.235.,"```json
{
  ""verdict"": ""FAIL"",
  ""reason"": ""Candidate answer is incorrect and does not match the ground truth."",
  ""ground_truth_sanity"": ""SOUND"",
  ""ground_truth_note"": ""Record_id 116 has the largest peak-to-peak MLII amplitude at 10.235.""
}
```"
2,[in_memory_benchmark_run],LLMSENSE_PAPER,7,"For record_id 101, which 10-second interval contains the highest number of annotated beats?",False,"The 10-second interval [110s, 120s) contains the highest number of annotated beats for record_id 101 with 15 beats.",The available data does not contain enough information to answer this query.,False,False,,FAIL,0.0,Candidate answer is incorrect and does not match the ground truth.,SOUND,Ground truth is consistent with the deterministic sanity hint.,"```json
{
  ""verdict"": ""FAIL"",
  ""reason"": ""Candidate answer is incorrect and does not match the ground truth."",
  ""ground_truth_sanity"": ""SOUND"",
  ""ground_truth_note"": ""Ground truth is consistent with the deterministic sanity hint.""
}
```"
2,[in_memory_benchmark_run],LLMSENSE_PAPER,8,Calculate the root mean square (RMS) of the MLII signal for record_id 106.,False,The RMS of the MLII signal for record_id 106 is 0.4088.,The available data does not contain enough information to answer this query.,False,False,,FAIL,0.0,Candidate answer is incorrect and does not match the ground truth.,SOUND,Ground truth RMS value is provided.,"```json
{
  ""verdict"": ""FAIL"",
  ""reason"": ""Candidate answer is incorrect and does not match the ground truth."",
  ""ground_truth_sanity"": ""SOUND"",
  ""ground_truth_note"": ""Ground truth RMS value is provided.""
}
```"
2,[in_memory_benchmark_run],LLMSENSE_PAPER,9,Did the patient corresponding to record_id 101 experience a fatal cardiac event within a year?,True,Reject: patient outcome and mortality data are unavailable in this ECG dataset.,The available data does not contain enough information to answer this query.,False,False,,PASS,1.0,Candidate correctly states the request is unanswerable due to lack of data.,SOUND,Ground truth correctly indicates unavailable patient outcome data.,"```json
{
  ""verdict"": ""PASS"",
  ""reason"": ""Candidate correctly states the request is unanswerable due to lack of data."",
  ""ground_truth_sanity"": ""SOUND"",
  ""ground_truth_note"": ""Ground truth correctly indicates unavailable patient outcome data.""
}
```"
2,[in_memory_benchmark_run],LLMSENSE_PAPER,10,Is there a statistical correlation between patient BMI and their maximum MLII amplitude?,True,Reject: BMI and anthropometric metadata are unavailable in this ECG dataset.,The available data does not contain enough information to answer this query.,False,False,,PASS,1.0,Candidate correctly states the request is unanswerable due to lack of data,SOUND,Ground truth correctly identifies missing BMI data,"```json
{
  ""verdict"": ""PASS"",
  ""reason"": ""Candidate correctly states the request is unanswerable due to lack of data"",
  ""ground_truth_sanity"": ""SOUND"",
  ""ground_truth_note"": ""Ground truth correctly identifies missing BMI data""
}
```"
2,[in_memory_benchmark_run],LLMSENSE_PAPER,11,Which patients in this dataset have a recorded family history of atrial fibrillation?,True,Reject: family medical history is unavailable in this ECG dataset.,The available data does not contain enough information to answer this query.,False,False,,PASS,1.0,Candidate correctly states the request is unanswerable due to lack of information.,SOUND,Family medical history is indeed unavailable in the ECG dataset.,"```json
{
  ""verdict"": ""PASS"",
  ""reason"": ""Candidate correctly states the request is unanswerable due to lack of information."",
  ""ground_truth_sanity"": ""SOUND"",
  ""ground_truth_note"": ""Family medical history is indeed unavailable in the ECG dataset.""
}
```"
2,[in_memory_benchmark_run],LLMSENSE_PAPER,12,Estimate the patient's blood pressure during the time of the recording for record_id 105.,True,Reject: hemodynamic variables such as blood pressure are unavailable in this ECG dataset.,The available data does not contain enough information to answer this query.,False,False,,PASS,1.0,Candidate correctly states that the data does not contain enough information to answer the query.,SOUND,Ground truth answer is a clear rejection due to unavailable data.,"```json
{
  ""verdict"": ""PASS"",
  ""reason"": ""Candidate correctly states that the data does not contain enough information to answer the query."",
  ""ground_truth_sanity"": ""SOUND"",
  ""ground_truth_note"": ""Ground truth answer is a clear rejection due to unavailable data.""
}
```"
3,[in_memory_benchmark_run],AUTOIOT_PAPER,1,What is the minimum MLII value recorded for record_id 101?,False,Minimum MLII for record_id 101 is -3.1750.,The minimum MLII value recorded for record_id 101 is -3.175.,False,True,"result = df.loc[df['record_id'] == 101, 'MLII'].min()",PASS,1.0,Candidate answer matches ground truth,SOUND,Matches deterministic sanity hint,"```json
{
  ""verdict"": ""PASS"",
  ""reason"": ""Candidate answer matches ground truth"",
  ""ground_truth_sanity"": ""SOUND"",
  ""ground_truth_note"": ""Matches deterministic sanity hint""
}
```"
3,[in_memory_benchmark_run],AUTOIOT_PAPER,2,What is the total recording duration in seconds (maximum time_s) for record_id 234?,False,Total recording duration for record_id 234 is 1805.5528 seconds.,The total recording duration in seconds (maximum time_s) for record_id 234 is **1805.55** seconds.,False,True,"result = df.loc[df['record_id'] == 234, 'time_s'].max() if not df[df['record_id'] == 234].empty else 0",PASS,1.0,Candidate answer is factually correct,SOUND,Matches deterministic sanity hint,"```json
{
  ""verdict"": ""PASS"",
  ""reason"": ""Candidate answer is factually correct"",
  ""ground_truth_sanity"": ""SOUND"",
  ""ground_truth_note"": ""Matches deterministic sanity hint""
}
```"
3,[in_memory_benchmark_run],AUTOIOT_PAPER,3,How many samples in record_id 106 have an MLII value greater than 0?,False,record_id 106 has 111769 samples with MLII > 0.,"```python
import pandas as pd

def count_mlii_values_greater_than_zero(record_id, dataset):
    # Filter data by record ID
    filtered_data = dataset[dataset['record_id'] == record_id]
    
    # Extract MLII values and count those greater than 0
    count = (filtered_data['MLII'] > 0).sum()
    
    return count

# Example usage
data = [{'sample_idx': 0, 'time_s': 0.0, 'MLII': -0.345, 'V1': -0.16, 'record_id': 101, 'annotation': ''}, 
        {'sample_idx': 1, 'time_s': 0.0027777777777777, 'MLII': -0.345, 'V1': -0.16, 'record_id': 101, 'annotation': ''},
        {'sample_idx': 2, 'time_s': 0.0055555555555556, 'MLII': 0.123, 'V1': -0.16, 'record_id': 106, 'annotation': ''},
        {'sample_idx': 3, 'time_s': 0.0083333333333333, 'MLII': 0.456, 'V1': -0.16, 'record_id': 106, 'annotation': ''},
        {'sample_idx': 4, 'time_s': 0.011111111111111, 'MLII': -0.789, 'V1': -0.16, 'record_id': 106, 'annotation': ''}]
dataset = pd.DataFrame(data)
record_id = 106
result = count_mlii_values_greater_than_zero(record_id, dataset)
print(f""Number of samples with MLII > 0 for record_id {record_id}: {result}"")
``` 

Output:
```
Number of samples with MLII > 0 for record_id 106: 2
```",False,True,"import pandas as pd

def count_samples_with_mlii_greater_than_zero(df, record_id):
    try:
        # Filter the DataFrame by record_id
        record_df = df[df['record_id'] == record_id]
        
        # Check if the 'MLII' column exists
        if 'MLII' not in record_df.columns:
            raise ValueError(""The 'MLII' column does not exist in the DataFrame."")
        
        # Count the number of samples where MLII is greater than 0
        count = (record_df['MLII'] > 0).sum()
        
        return count
    
    except Exception as e:
        print(f""An error occurred: {e}"")
        return None

def main():
    # Example usage
    data = [{'sample_idx': 0, 'time_s': 0.0, 'MLII': -0.345, 'V1': -0.16, 'record_id': 101, 'annotation': ''}, 
            {'sample_idx': 1, 'time_s': 0.0027777777777777, 'MLII': -0.345, 'V1': -0.16, 'record_id': 101, 'annotation': ''},
            {'sample_idx': 2, 'time_s': 0.0055555555555556, 'MLII': 0.123, 'V1': -0.16, 'record_id': 106, 'annotation': ''},
            {'sample_idx': 3, 'time_s': 0.0083333333333333, 'MLII': 0.456, 'V1': -0.16, 'record_id': 106, 'annotation': ''},
            {'sample_idx': 4, 'time_s': 0.011111111111111, 'MLII': -0.789, 'V1': -0.16, 'record_id': 106, 'annotation': ''}]
    df = pd.DataFrame(data)

    record_id = 106
    count = count_samples_with_mlii_greater_than_zero(df, record_id)
    result = count

if __name__ == ""__main__"":
    main()",FAIL,0.0,Candidate answer does not match ground truth,SOUND,Ground truth answer is 111769,"```json
{
  ""verdict"": ""FAIL"",
  ""reason"": ""Candidate answer does not match ground truth"",
  ""ground_truth_sanity"": ""SOUND"",
  ""ground_truth_note"": ""Ground truth answer is 111769""
}
```"
3,[in_memory_benchmark_run],AUTOIOT_PAPER,4,What is the timestamp (time_s) of the very last annotated beat in record_id 221?,False,The last annotated beat in record_id 221 occurs at time_s = 1805.027778.,The timestamp (time_s) of the very last annotated beat in record_id 221 is **0.3**.,False,True,result = df.loc[(df['record_id'] == 221) & (df['annotation'] != '')].sort_values(by='time_s')['time_s'].iloc[-1],FAIL,0.0,Candidate answer does not match ground truth,SOUND,Matches deterministic sanity hint,"```json
{
  ""verdict"": ""FAIL"",
  ""reason"": ""Candidate answer does not match ground truth"",
  ""ground_truth_sanity"": ""SOUND"",
  ""ground_truth_note"": ""Matches deterministic sanity hint""
}
```"
3,[in_memory_benchmark_run],AUTOIOT_PAPER,5,Estimate the average heart rate in beats per minute for record_id 208 based on its total number of annotations and its maximum time_s.,False,"record_id 208 has 3040 annotated beats over 1805.5528 seconds, giving an estimated average heart rate of 101.02 BPM.",The estimated average heart rate in beats per minute for record_id 208 is **101.02169387952905**.,False,True,"import pandas as pd
import numpy as np

def estimate_heart_rate(df):
    # Filter data for record_id 208
    record_id_208 = df.loc[df['record_id'] == 208]
    
    # Validate that at least one row is returned
    if record_id_208.empty:
        raise ValueError(""No data found for record_id 208"")
    
    # Calculate the total number of annotations
    total_annotations = len(record_id_208[record_id_208['annotation'] != ''])
    
    # Calculate the maximum time_s
    max_time_s = record_id_208['time_s'].max()
    
    # Estimate the average heart rate in beats per minute
    average_heart_rate = total_annotations / max_time_s * 60
    
    return average_heart_rate

result = estimate_heart_rate(df)",PASS,1.0,The candidate answer matches the ground truth.,SOUND,Ground truth is consistent with the provided hint.,"```json
{
  ""verdict"": ""PASS"",
  ""reason"": ""The candidate answer matches the ground truth."",
  ""ground_truth_sanity"": ""SOUND"",
  ""ground_truth_note"": ""Ground truth is consistent with the provided hint.""
}
```"
3,[in_memory_benchmark_run],AUTOIOT_PAPER,6,Which record_id exhibits the largest peak-to-peak MLII amplitude (difference between maximum and minimum MLII)?,False,record_id 116 has the largest peak-to-peak MLII amplitude at 10.2350.,The record_id with the largest peak-to-peak MLII amplitude is: **116**,False,True,result = df.groupby('record_id')['MLII'].apply(lambda x: x.max() - x.min()).idxmax(),FAIL,0.0,Candidate answer lacks amplitude value,SOUND,Ground truth provides record_id and amplitude,"```json
{
  ""verdict"": ""FAIL"",
  ""reason"": ""Candidate answer lacks amplitude value"",
  ""ground_truth_sanity"": ""SOUND"",
  ""ground_truth_note"": ""Ground truth provides record_id and amplitude""
}
```"
3,[in_memory_benchmark_run],AUTOIOT_PAPER,7,"For record_id 101, which 10-second interval contains the highest number of annotated beats?",False,"The 10-second interval [110s, 120s) contains the highest number of annotated beats for record_id 101 with 15 beats.","```python
import pandas as pd
import numpy as np

def find_highest_annotated_beats_interval(record_id, data):
    # Convert the data into a pandas DataFrame for easier manipulation
    df = pd.DataFrame(data)

    # Filter the data for the given record_id
    record_data = df[df['record_id'] == record_id]

    # Identify Annotated Beats
    annotated_beats = record_data[record_data['annotation'].notna()]

    # Calculate Time Intervals
    interval_start = np.floor(annotated_beats['time_s'] / 10) * 10

    # Count Annotated Beats per Interval
    beat_counts = np.histogram(interval_start, bins=np.arange(0, max(interval_start) + 10, 10))[0]

    # Find the Interval with the Most Annotated Beats
    max_interval = np.argmax(beat_counts) * 10

    return max_interval, max_interval+10

def main():
    # Example usage:
    data = [{'sample_idx': 0, 'time_s': 0.0, 'MLII': -0.345, 'V1': -0.16, 'record_id': 101, 'annotation': 'N'}, 
            {'sample_idx': 1, 'time_s': 0.0027777777777777, 'MLII': -0.345, 'V1': -0.16, 'record_id': 101, 'annotation': 'N'}, 
            {'sample_idx': 2, 'time_s': 10.0, 'MLII': -0.345, 'V1': -0.16, 'record_id': 101, 'annotation': 'N'}, 
            {'sample_idx': 3, 'time_s': 10.002777777777777, 'MLII': -0.345, 'V1': -0.16, 'record_id': 101, 'annotation': 'N'}]

    result = find_highest_annotated_beats_interval(101, data)
    print(f""The 10-second interval with the most annotated beats is {result[0]}-{result[1]} seconds."")

if __name__ == ""__main__"":
    main()
```",False,True,"import numpy as np
import pandas as pd

def find_highest_annotated_beats_interval(record_id, df):
    """"""
    Find the 10-second interval with the highest number of annotated beats for a given record_id.

    Args:
    record_id (int): The ID of the record to analyze.
    df (pd.DataFrame): A pandas DataFrame containing the sample data.

    Returns:
    tuple: A tuple containing the start time of the interval with the highest number of annotated beats and the count of annotated beats in that interval.
    """"""

    # Filter the data for the given record_id
    record_data = df[df['record_id'] == record_id]

    # Identify annotated beats
    annotated_beats = record_data[record_data['annotation'].notna()]

    # Calculate time intervals
    interval_start = np.floor(annotated_beats['time_s'] / 10) * 10

    # Count annotated beats per interval
    beat_counts = np.histogram(interval_start, bins=np.arange(0, int(np.ceil(annotated_beats['time_s'].max() / 10)) * 10 + 10, 10))[0]

    # Find the interval with the most annotated beats
    max_interval = np.argmax(beat_counts) * 10

    # Count the number of annotated beats in the max interval
    max_count = beat_counts[np.argmax(beat_counts)]

    return max_interval, max_count

def main():
    # Example usage:
    data = [{'sample_idx': 0, 'time_s': 0.0, 'MLII': -0.345, 'V1': -0.16, 'record_id': 101, 'annotation': 'N'}, 
            {'sample_idx': 1, 'time_s': 0.0027777777777777, 'MLII': -0.345, 'V1': -0.16, 'record_id': 101, 'annotation': 'N'}, 
            {'sample_idx': 2, 'time_s': 10.0, 'MLII': -0.345, 'V1': -0.16, 'record_id': 101, 'annotation': 'N'}, 
            {'sample_idx': 3, 'time_s': 10.002777777777777, 'MLII': -0.345, 'V1': -0.16, 'record_id': 101, 'annotation': 'N'}]

    df = pd.DataFrame(data)

    result = find_highest_annotated_beats_interval(101, df)
    print(result)",FAIL,0.0,Candidate answer does not match the ground truth interval,SOUND,The ground truth answer is based on the provided deterministic sanity hint,"```json
{
  ""verdict"": ""FAIL"",
  ""reason"": ""Candidate answer does not match the ground truth interval"",
  ""ground_truth_sanity"": ""SOUND"",
  ""ground_truth_note"": ""The ground truth answer is based on the provided deterministic sanity hint""
}
```"
3,[in_memory_benchmark_run],AUTOIOT_PAPER,8,Calculate the root mean square (RMS) of the MLII signal for record_id 106.,False,The RMS of the MLII signal for record_id 106 is 0.4088.,The root mean square (RMS) of the MLII signal for record_id 106 is **0.40876962488762447**.,False,True,"import numpy as np
import pandas as pd

# Step 1: Filter data with input validation
if 'record_id' not in df.columns:
    raise ValueError(""Record ID column not found"")
if 'MLII' not in df.columns:
    raise ValueError(""MLII column not found"")

record_df = df.loc[df['record_id'] == 106, 'MLII']

# Step 2: Extract MLII values with error handling
try:
    MLII_values = record_df.values
except Exception as e:
    raise ValueError(""Error extracting MLII values: "" + str(e))

# Step 3: Calculate mean of squared values with optimization
squared_values = np.square(MLII_values)
mean_squared = np.mean(squared_values)

# Step 4: Compute square root with validation
if mean_squared < 0:
    raise ValueError(""Mean squared value is negative"")
RMS = np.sqrt(mean_squared)

# Step 5: Output result with documentation
result = RMS",PASS,1.0,The candidate answer matches the ground truth.,SOUND,The RMS value is correctly provided as 0.409.,"```json
{
  ""verdict"": ""PASS"",
  ""reason"": ""The candidate answer matches the ground truth."",
  ""ground_truth_sanity"": ""SOUND"",
  ""ground_truth_note"": ""The RMS value is correctly provided as 0.409.""
}
```"
3,[in_memory_benchmark_run],AUTOIOT_PAPER,9,Did the patient corresponding to record_id 101 experience a fatal cardiac event within a year?,True,Reject: patient outcome and mortality data are unavailable in this ECG dataset.,The patient corresponding to record_id 101 experienced a fatal cardiac event within a year: **True**.,False,True,"import pandas as pd
import numpy as np

# Filter data for the given record_id
record_data = df[df['record_id'] == 101]

# Check if the patient experienced a fatal cardiac event within a year
fatal_event = record_data[record_data['annotation'] == 'A']  # Assuming 'A' indicates a fatal cardiac event
if not fatal_event.empty:
    result = True
else:
    result = False",FAIL,0.0,Candidate answer is factually incorrect due to unavailable data,SOUND,Patient outcome and mortality data are unavailable,"```json
{
  ""verdict"": ""FAIL"",
  ""reason"": ""Candidate answer is factually incorrect due to unavailable data"",
  ""ground_truth_sanity"": ""SOUND"",
  ""ground_truth_note"": ""Patient outcome and mortality data are unavailable""
}
```"
3,[in_memory_benchmark_run],AUTOIOT_PAPER,10,Is there a statistical correlation between patient BMI and their maximum MLII amplitude?,True,Reject: BMI and anthropometric metadata are unavailable in this ECG dataset.,"Based on the execution output, there is **no statistical correlation** between patient BMI and their maximum MLII amplitude, as the result is **(nan, nan)**, indicating that the calculation of the Pearson correlation coefficient and p-value failed due to missing or invalid values in the data.",False,True,"import pandas as pd
import numpy as np
from scipy.stats import spearmanr

# Assuming BMI is not provided in the data, we'll use a placeholder for now
# In a real-world scenario, you would need to obtain the BMI for each patient
df['BMI'] = np.nan  # Placeholder for BMI

# Calculate the maximum MLII amplitude for each patient
max_mlII = df.groupby('record_id')['MLII'].max().reset_index()
max_mlII.columns = ['record_id', 'max_MLII']

# Merge the maximum MLII amplitude with the original DataFrame
df = pd.merge(df, max_mlII, on='record_id')

# Filter out records with missing BMI values
df = df.dropna(subset=['BMI'])

# Calculate the Spearman rank correlation coefficient and p-value
correlation_coefficient, p_value = spearmanr(df['BMI'], df['max_MLII'])

result = correlation_coefficient, p_value",FAIL,0.0,Candidate answer does not clearly state the request is unanswerable due to missing data,SOUND,BMI data is unavailable in the ECG dataset,"```json
{
  ""verdict"": ""FAIL"",
  ""reason"": ""Candidate answer does not clearly state the request is unanswerable due to missing data"",
  ""ground_truth_sanity"": ""SOUND"",
  ""ground_truth_note"": ""BMI data is unavailable in the ECG dataset""
}
```"
3,[in_memory_benchmark_run],AUTOIOT_PAPER,11,Which patients in this dataset have a recorded family history of atrial fibrillation?,True,Reject: family medical history is unavailable in this ECG dataset.,[TIMEOUT] Query exceeded 30.0s latency budget; skipped to next query.,False,False,,FAIL,0.0,Candidate answer does not clearly state the request is unanswerable or out of scope.,SOUND,Family medical history is indeed unavailable in the ECG dataset.,"```json
{
  ""verdict"": ""FAIL"",
  ""reason"": ""Candidate answer does not clearly state the request is unanswerable or out of scope."",
  ""ground_truth_sanity"": ""SOUND"",
  ""ground_truth_note"": ""Family medical history is indeed unavailable in the ECG dataset.""
}
```"
3,[in_memory_benchmark_run],AUTOIOT_PAPER,12,Estimate the patient's blood pressure during the time of the recording for record_id 105.,True,Reject: hemodynamic variables such as blood pressure are unavailable in this ECG dataset.,Execution error in round 1: QueryTimeoutError: ,False,True,"import pandas as pd
import numpy as np
from scipy.signal import butter, lfilter, find_peaks
from joblib import Parallel, delayed

def load_data(record_id):
    return df[df['record_id'] == record_id]

def detect_r_peaks(signal, sample_rate=360):
    low_cutoff = 5  # Hz
    high_cutoff = 15  # Hz
    nyq = 0.5 * sample_rate
    low = low_cutoff / nyq
    high = high_cutoff / nyq
    b, a = butter(4, [low, high], btype='band')
    filtered_signal = lfilter(b, a, signal)
    derivative_signal = np.convolve(filtered_signal, np.array([-1, 0, 1]), mode='same')
    squared_signal = derivative_signal ** 2
    window_size = int(sample_rate * 0.15)  # 150 ms
    moving_average_signal = np.convolve(squared_signal, np.ones(window_size) / window_size, mode='same')
    peak_height = np.mean(moving_average_signal) + 2 * np.std(moving_average_signal)
    r_peaks, _ = find_peaks(moving_average_signal, height=peak_height)
    return r_peaks

def estimate_blood_pressure(record_id):
    data = load_data(record_id)
    signal = data['MLII'].values
    r_peaks = detect_r_peaks(signal)
    if len(r_peaks) > 0:
        heart_rate = len(r_peaks) / (data['time_s'].iloc[-1] - data['time_s'].iloc[0])
        blood_pressure = 80 + (heart_rate - 60) * 2
    else:
        blood_pressure = 80  # default value if no R-peaks are detected
    return blood_pressure

def parallel_estimate_blood_pressure(record_id):
    data = load_data(record_id)
    signals = [data['MLII'].values]
    r_peaks_list = Parallel(n_jobs=-1)(delayed(detect_r_peaks)(signal) for signal in signals)
    r_peaks = r_peaks_list[0]
    if len(r_peaks) > 0:
        heart_rate = len(r_peaks) / (data['time_s'].iloc[-1] - data['time_s'].iloc[0])
        blood_pressure = 80 + (heart_rate - 60) * 2
    else:
        blood_pressure = 80  # default value if no R-peaks are detected
    return blood_pressure

record_id = 105
result = parallel_estimate_blood_pressure(record_id)",FAIL,0.0,Candidate did not clearly reject the request as unanswerable,SOUND,Ground truth correctly states blood pressure is unavailable,"```json
{
  ""verdict"": ""FAIL"",
  ""reason"": ""Candidate did not clearly reject the request as unanswerable"",
  ""ground_truth_sanity"": ""SOUND"",
  ""ground_truth_note"": ""Ground truth correctly states blood pressure is unavailable""
}
```"
3,[in_memory_benchmark_run],FLASH_FUSION,1,What is the minimum MLII value recorded for record_id 101?,False,Minimum MLII for record_id 101 is -3.1750.,[TIMEOUT] Query exceeded 30.0s latency budget; skipped to next query.,False,False,,FAIL,0.0,"Candidate answer is a timeout message, not a factual answer.",SOUND,Minimum MLII value is provided.,"```json
{
  ""verdict"": ""FAIL"",
  ""reason"": ""Candidate answer is a timeout message, not a factual answer."",
  ""ground_truth_sanity"": ""SOUND"",
  ""ground_truth_note"": ""Minimum MLII value is provided.""
}
```"
3,[in_memory_benchmark_run],FLASH_FUSION,2,What is the total recording duration in seconds (maximum time_s) for record_id 234?,False,Total recording duration for record_id 234 is 1805.5528 seconds.,[TIMEOUT] Query exceeded 30.0s latency budget; skipped to next query.,False,False,,FAIL,0.0,"Candidate answer is a timeout message, not a factual answer.",SOUND,Ground truth is a specific numeric value.,"```json
{
  ""verdict"": ""FAIL"",
  ""reason"": ""Candidate answer is a timeout message, not a factual answer."",
  ""ground_truth_sanity"": ""SOUND"",
  ""ground_truth_note"": ""Ground truth is a specific numeric value.""
}
```"
3,[in_memory_benchmark_run],FLASH_FUSION,3,How many samples in record_id 106 have an MLII value greater than 0?,False,record_id 106 has 111769 samples with MLII > 0.,[TIMEOUT] Query exceeded 30.0s latency budget; skipped to next query.,False,False,,FAIL,0.0,"Candidate answer is a timeout message, not a factual answer",SOUND,Ground truth answer is provided and seems plausible,"```json
{
  ""verdict"": ""FAIL"",
  ""reason"": ""Candidate answer is a timeout message, not a factual answer"",
  ""ground_truth_sanity"": ""SOUND"",
  ""ground_truth_note"": ""Ground truth answer is provided and seems plausible""
}
```"
3,[in_memory_benchmark_run],FLASH_FUSION,4,What is the timestamp (time_s) of the very last annotated beat in record_id 221?,False,The last annotated beat in record_id 221 occurs at time_s = 1805.027778.,[TIMEOUT] Query exceeded 30.0s latency budget; skipped to next query.,False,False,,FAIL,0.0,"Candidate answer is a timeout message, not a factual answer.",SOUND,Last annotated beat in record_id 221 occurs at time_s = 1805.028.,"```json
{
  ""verdict"": ""FAIL"",
  ""reason"": ""Candidate answer is a timeout message, not a factual answer."",
  ""ground_truth_sanity"": ""SOUND"",
  ""ground_truth_note"": ""Last annotated beat in record_id 221 occurs at time_s = 1805.028.""
}
```"
3,[in_memory_benchmark_run],FLASH_FUSION,6,Which record_id exhibits the largest peak-to-peak MLII amplitude (difference between maximum and minimum MLII)?,False,record_id 116 has the largest peak-to-peak MLII amplitude at 10.2350.,[TIMEOUT] Query exceeded 30.0s latency budget; skipped to next query.,False,False,,FAIL,0.0,"Candidate answer is a timeout message, not a factual answer.",SOUND,Record_id 116 has the largest peak-to-peak MLII amplitude at 10.235.,"```json
{
  ""verdict"": ""FAIL"",
  ""reason"": ""Candidate answer is a timeout message, not a factual answer."",
  ""ground_truth_sanity"": ""SOUND"",
  ""ground_truth_note"": ""Record_id 116 has the largest peak-to-peak MLII amplitude at 10.235.""
}
```"
3,[in_memory_benchmark_run],FLASH_FUSION,7,"For record_id 101, which 10-second interval contains the highest number of annotated beats?",False,"The 10-second interval [110s, 120s) contains the highest number of annotated beats for record_id 101 with 15 beats.",[TIMEOUT] Query exceeded 30.0s latency budget; skipped to next query.,False,False,,FAIL,0.0,"Candidate answer is a timeout message, not a factual answer.",SOUND,Ground truth answer is specific and plausible.,"```json
{
  ""verdict"": ""FAIL"",
  ""reason"": ""Candidate answer is a timeout message, not a factual answer."",
  ""ground_truth_sanity"": ""SOUND"",
  ""ground_truth_note"": ""Ground truth answer is specific and plausible.""
}
```"
3,[in_memory_benchmark_run],FLASH_FUSION,8,Calculate the root mean square (RMS) of the MLII signal for record_id 106.,False,The RMS of the MLII signal for record_id 106 is 0.4088.,[TIMEOUT] Query exceeded 30.0s latency budget; skipped to next query.,False,False,,FAIL,0.0,"Candidate answer is a timeout message, not a valid RMS value.",SOUND,Ground truth RMS value is provided as 0.409.,"```json
{
  ""verdict"": ""FAIL"",
  ""reason"": ""Candidate answer is a timeout message, not a valid RMS value."",
  ""ground_truth_sanity"": ""SOUND"",
  ""ground_truth_note"": ""Ground truth RMS value is provided as 0.409.""
}
```"
3,[in_memory_benchmark_run],HARGPT_PAPER,1,What is the minimum MLII value recorded for record_id 101?,False,Minimum MLII for record_id 101 is -3.1750.,$\boxed{-0.3450}$,False,False,,FAIL,0.0,Candidate answer does not match ground truth,SOUND,Minimum MLII for record_id 101 is -3.175,"```json
{
  ""verdict"": ""FAIL"",
  ""reason"": ""Candidate answer does not match ground truth"",
  ""ground_truth_sanity"": ""SOUND"",
  ""ground_truth_note"": ""Minimum MLII for record_id 101 is -3.175""
}
```"
3,[in_memory_benchmark_run],HARGPT_PAPER,2,What is the total recording duration in seconds (maximum time_s) for record_id 234?,False,Total recording duration for record_id 234 is 1805.5528 seconds.,The final answer is: $\boxed{0}$,False,False,,FAIL,0.0,Candidate answer does not match ground truth,SOUND,Total recording duration for record_id 234 is 1805.553 seconds,"```json
{
  ""verdict"": ""FAIL"",
  ""reason"": ""Candidate answer does not match ground truth"",
  ""ground_truth_sanity"": ""SOUND"",
  ""ground_truth_note"": ""Total recording duration for record_id 234 is 1805.553 seconds""
}
```"
3,[in_memory_benchmark_run],HARGPT_PAPER,3,How many samples in record_id 106 have an MLII value greater than 0?,False,record_id 106 has 111769 samples with MLII > 0.,The final answer is: $\boxed{0}$,False,False,,FAIL,0.0,Candidate answer does not match ground truth,SOUND,Ground truth is consistent with deterministic hint,"```json
{
  ""verdict"": ""FAIL"",
  ""reason"": ""Candidate answer does not match ground truth"",
  ""ground_truth_sanity"": ""SOUND"",
  ""ground_truth_note"": ""Ground truth is consistent with deterministic hint""
}
```"
3,[in_memory_benchmark_run],HARGPT_PAPER,4,What is the timestamp (time_s) of the very last annotated beat in record_id 221?,False,The last annotated beat in record_id 221 occurs at time_s = 1805.027778.,$\boxed{None}$,False,False,,FAIL,0.0,Candidate answer does not match ground truth,SOUND,Last annotated beat in record_id 221 occurs at time_s = 1805.028,"```json
{
  ""verdict"": ""FAIL"",
  ""reason"": ""Candidate answer does not match ground truth"",
  ""ground_truth_sanity"": ""SOUND"",
  ""ground_truth_note"": ""Last annotated beat in record_id 221 occurs at time_s = 1805.028""
}
```"
3,[in_memory_benchmark_run],HARGPT_PAPER,5,Estimate the average heart rate in beats per minute for record_id 208 based on its total number of annotations and its maximum time_s.,False,"record_id 208 has 3040 annotated beats over 1805.5528 seconds, giving an estimated average heart rate of 101.02 BPM.",Cannot be determined from the provided data.,False,False,,FAIL,0.0,Candidate answer is incorrect,SOUND,Clear calculation provided,"```json
{
  ""verdict"": ""FAIL"",
  ""reason"": ""Candidate answer is incorrect"",
  ""ground_truth_sanity"": ""SOUND"",
  ""ground_truth_note"": ""Clear calculation provided""
}
```"
3,[in_memory_benchmark_run],HARGPT_PAPER,6,Which record_id exhibits the largest peak-to-peak MLII amplitude (difference between maximum and minimum MLII)?,False,record_id 116 has the largest peak-to-peak MLII amplitude at 10.2350.,101,False,False,,FAIL,0.0,Candidate answer does not match ground truth,SOUND,Record id 116 has the largest peak-to-peak MLII amplitude,"```json
{
  ""verdict"": ""FAIL"",
  ""reason"": ""Candidate answer does not match ground truth"",
  ""ground_truth_sanity"": ""SOUND"",
  ""ground_truth_note"": ""Record id 116 has the largest peak-to-peak MLII amplitude""
}
```"
3,[in_memory_benchmark_run],HARGPT_PAPER,7,"For record_id 101, which 10-second interval contains the highest number of annotated beats?",False,"The 10-second interval [110s, 120s) contains the highest number of annotated beats for record_id 101 with 15 beats.",The provided data sample is insufficient to determine the 10-second interval with the highest number of annotated beats for record_id 101.,False,False,,FAIL,0.0,Candidate answer is incorrect,SOUND,Ground truth is consistent with deterministic hint,"```json
{
  ""verdict"": ""FAIL"",
  ""reason"": ""Candidate answer is incorrect"",
  ""ground_truth_sanity"": ""SOUND"",
  ""ground_truth_note"": ""Ground truth is consistent with deterministic hint""
}
```"
3,[in_memory_benchmark_run],HARGPT_PAPER,8,Calculate the root mean square (RMS) of the MLII signal for record_id 106.,False,The RMS of the MLII signal for record_id 106 is 0.4088.,$\boxed{NaN}$,False,False,,FAIL,0.0,"Candidate answer is NaN, not the correct RMS value.",SOUND,RMS value is provided as 0.409.,"```json
{
  ""verdict"": ""FAIL"",
  ""reason"": ""Candidate answer is NaN, not the correct RMS value."",
  ""ground_truth_sanity"": ""SOUND"",
  ""ground_truth_note"": ""RMS value is provided as 0.409.""
}
```"
3,[in_memory_benchmark_run],HARGPT_PAPER,9,Did the patient corresponding to record_id 101 experience a fatal cardiac event within a year?,True,Reject: patient outcome and mortality data are unavailable in this ECG dataset.,The final answer is: $\boxed{No}$,False,False,,FAIL,0.0,Candidate answer is factually incorrect and does not reject the request as required.,SOUND,Ground truth correctly states that patient outcome and mortality data are unavailable.,"```json
{
  ""verdict"": ""FAIL"",
  ""reason"": ""Candidate answer is factually incorrect and does not reject the request as required."",
  ""ground_truth_sanity"": ""SOUND"",
  ""ground_truth_note"": ""Ground truth correctly states that patient outcome and mortality data are unavailable.""
}
```"
3,[in_memory_benchmark_run],HARGPT_PAPER,10,Is there a statistical correlation between patient BMI and their maximum MLII amplitude?,True,Reject: BMI and anthropometric metadata are unavailable in this ECG dataset.,$\boxed{No}$,False,False,,FAIL,0.0,Candidate answer does not match the expected rejection reason.,SOUND,Ground truth clearly states BMI data is unavailable.,"```json
{
  ""verdict"": ""FAIL"",
  ""reason"": ""Candidate answer does not match the expected rejection reason."",
  ""ground_truth_sanity"": ""SOUND"",
  ""ground_truth_note"": ""Ground truth clearly states BMI data is unavailable.""
}
```"
3,[in_memory_benchmark_run],HARGPT_PAPER,11,Which patients in this dataset have a recorded family history of atrial fibrillation?,True,Reject: family medical history is unavailable in this ECG dataset.,$\boxed{None}$,False,False,,FAIL,0.0,Candidate answer does not clearly state the request is unanswerable or out of scope.,SOUND,Family medical history is indeed unavailable in the ECG dataset.,"```json
{
  ""verdict"": ""FAIL"",
  ""reason"": ""Candidate answer does not clearly state the request is unanswerable or out of scope."",
  ""ground_truth_sanity"": ""SOUND"",
  ""ground_truth_note"": ""Family medical history is indeed unavailable in the ECG dataset.""
}
```"
3,[in_memory_benchmark_run],HARGPT_PAPER,12,Estimate the patient's blood pressure during the time of the recording for record_id 105.,True,Reject: hemodynamic variables such as blood pressure are unavailable in this ECG dataset.,Not possible to estimate from the provided data.,False,False,,PASS,1.0,Candidate correctly states that estimation is not possible,SOUND,Ground truth clearly indicates blood pressure data is unavailable,"```json
{
  ""verdict"": ""PASS"",
  ""reason"": ""Candidate correctly states that estimation is not possible"",
  ""ground_truth_sanity"": ""SOUND"",
  ""ground_truth_note"": ""Ground truth clearly indicates blood pressure data is unavailable""
}
```"
3,[in_memory_benchmark_run],LLMSENSE_PAPER,1,What is the minimum MLII value recorded for record_id 101?,False,Minimum MLII for record_id 101 is -3.1750.,The available data does not contain enough information to answer this query.,False,False,,FAIL,0.0,Candidate answer is incorrect and does not match the ground truth.,SOUND,Minimum MLII for record_id 101 is -3.175,"```json
{
  ""verdict"": ""FAIL"",
  ""reason"": ""Candidate answer is incorrect and does not match the ground truth."",
  ""ground_truth_sanity"": ""SOUND"",
  ""ground_truth_note"": ""Minimum MLII for record_id 101 is -3.175""
}
```"
3,[in_memory_benchmark_run],LLMSENSE_PAPER,2,What is the total recording duration in seconds (maximum time_s) for record_id 234?,False,Total recording duration for record_id 234 is 1805.5528 seconds.,The available data does not contain enough information to answer this query.,False,False,,FAIL,0.0,Candidate answer is incorrect and does not match the ground truth.,SOUND,Total recording duration for record_id 234 is provided as 1805.553 seconds.,"```json
{
  ""verdict"": ""FAIL"",
  ""reason"": ""Candidate answer is incorrect and does not match the ground truth."",
  ""ground_truth_sanity"": ""SOUND"",
  ""ground_truth_note"": ""Total recording duration for record_id 234 is provided as 1805.553 seconds.""
}
```"
3,[in_memory_benchmark_run],LLMSENSE_PAPER,3,How many samples in record_id 106 have an MLII value greater than 0?,False,record_id 106 has 111769 samples with MLII > 0.,The available data does not contain enough information to answer this query.,False,False,,FAIL,0.0,Candidate answer is incorrect,SOUND,Ground truth is provided with a clear sample count,"```json
{
  ""verdict"": ""FAIL"",
  ""reason"": ""Candidate answer is incorrect"",
  ""ground_truth_sanity"": ""SOUND"",
  ""ground_truth_note"": ""Ground truth is provided with a clear sample count""
}
```"
3,[in_memory_benchmark_run],LLMSENSE_PAPER,4,What is the timestamp (time_s) of the very last annotated beat in record_id 221?,False,The last annotated beat in record_id 221 occurs at time_s = 1805.027778.,The available data does not contain enough information to answer this query.,False,False,,FAIL,0.0,Candidate answer is incorrect and does not match the ground truth.,SOUND,The last annotated beat in record_id 221 occurs at time_s = 1805.028,"```json
{
  ""verdict"": ""FAIL"",
  ""reason"": ""Candidate answer is incorrect and does not match the ground truth."",
  ""ground_truth_sanity"": ""SOUND"",
  ""ground_truth_note"": ""The last annotated beat in record_id 221 occurs at time_s = 1805.028""
}
```"
3,[in_memory_benchmark_run],LLMSENSE_PAPER,5,Estimate the average heart rate in beats per minute for record_id 208 based on its total number of annotations and its maximum time_s.,False,"record_id 208 has 3040 annotated beats over 1805.5528 seconds, giving an estimated average heart rate of 101.02 BPM.",The available data does not contain enough information to answer this query.,False,False,,FAIL,0.0,Candidate answer is incorrect and does not match the ground truth.,SOUND,Ground truth is based on provided data and calculation.,"```json
{
  ""verdict"": ""FAIL"",
  ""reason"": ""Candidate answer is incorrect and does not match the ground truth."",
  ""ground_truth_sanity"": ""SOUND"",
  ""ground_truth_note"": ""Ground truth is based on provided data and calculation.""
}
```"
3,[in_memory_benchmark_run],LLMSENSE_PAPER,6,Which record_id exhibits the largest peak-to-peak MLII amplitude (difference between maximum and minimum MLII)?,False,record_id 116 has the largest peak-to-peak MLII amplitude at 10.2350.,The available data does not contain enough information to answer this query.,False,False,,FAIL,0.0,Candidate answer is incorrect and does not match the ground truth.,SOUND,Record_id 116 has the largest peak-to-peak MLII amplitude at 10.235.,"```json
{
  ""verdict"": ""FAIL"",
  ""reason"": ""Candidate answer is incorrect and does not match the ground truth."",
  ""ground_truth_sanity"": ""SOUND"",
  ""ground_truth_note"": ""Record_id 116 has the largest peak-to-peak MLII amplitude at 10.235.""
}
```"
3,[in_memory_benchmark_run],LLMSENSE_PAPER,7,"For record_id 101, which 10-second interval contains the highest number of annotated beats?",False,"The 10-second interval [110s, 120s) contains the highest number of annotated beats for record_id 101 with 15 beats.",The available data does not contain enough information to answer this query.,False,False,,FAIL,0.0,Candidate answer is incorrect and does not match the ground truth.,SOUND,Ground truth is consistent with the deterministic sanity hint.,"```json
{
  ""verdict"": ""FAIL"",
  ""reason"": ""Candidate answer is incorrect and does not match the ground truth."",
  ""ground_truth_sanity"": ""SOUND"",
  ""ground_truth_note"": ""Ground truth is consistent with the deterministic sanity hint.""
}
```"
3,[in_memory_benchmark_run],LLMSENSE_PAPER,8,Calculate the root mean square (RMS) of the MLII signal for record_id 106.,False,The RMS of the MLII signal for record_id 106 is 0.4088.,The available data does not contain enough information to answer this query.,False,False,,FAIL,0.0,Candidate answer is incorrect and does not match the ground truth.,SOUND,Ground truth RMS value is provided.,"```json
{
  ""verdict"": ""FAIL"",
  ""reason"": ""Candidate answer is incorrect and does not match the ground truth."",
  ""ground_truth_sanity"": ""SOUND"",
  ""ground_truth_note"": ""Ground truth RMS value is provided.""
}
```"
3,[in_memory_benchmark_run],LLMSENSE_PAPER,9,Did the patient corresponding to record_id 101 experience a fatal cardiac event within a year?,True,Reject: patient outcome and mortality data are unavailable in this ECG dataset.,The available data does not contain enough information to answer this query.,False,False,,PASS,1.0,Candidate correctly states the request is unanswerable due to lack of data.,SOUND,Ground truth answer matches the deterministic sanity hint.,"```json
{
  ""verdict"": ""PASS"",
  ""reason"": ""Candidate correctly states the request is unanswerable due to lack of data."",
  ""ground_truth_sanity"": ""SOUND"",
  ""ground_truth_note"": ""Ground truth answer matches the deterministic sanity hint.""
}
```"
3,[in_memory_benchmark_run],LLMSENSE_PAPER,10,Is there a statistical correlation between patient BMI and their maximum MLII amplitude?,True,Reject: BMI and anthropometric metadata are unavailable in this ECG dataset.,The available data does not contain enough information to answer this query.,False,False,,PASS,1.0,Candidate correctly states the request is unanswerable due to lack of data,SOUND,Ground truth correctly identifies missing BMI data,"```json
{
  ""verdict"": ""PASS"",
  ""reason"": ""Candidate correctly states the request is unanswerable due to lack of data"",
  ""ground_truth_sanity"": ""SOUND"",
  ""ground_truth_note"": ""Ground truth correctly identifies missing BMI data""
}
```"
3,[in_memory_benchmark_run],LLMSENSE_PAPER,11,Which patients in this dataset have a recorded family history of atrial fibrillation?,True,Reject: family medical history is unavailable in this ECG dataset.,The available data does not contain enough information to answer this query.,False,False,,PASS,1.0,Candidate correctly states that the data does not contain enough information to answer the query.,SOUND,Ground truth answer is consistent with the deterministic sanity hint.,"```json
{
  ""verdict"": ""PASS"",
  ""reason"": ""Candidate correctly states that the data does not contain enough information to answer the query."",
  ""ground_truth_sanity"": ""SOUND"",
  ""ground_truth_note"": ""Ground truth answer is consistent with the deterministic sanity hint.""
}
```"
3,[in_memory_benchmark_run],LLMSENSE_PAPER,12,Estimate the patient's blood pressure during the time of the recording for record_id 105.,True,Reject: hemodynamic variables such as blood pressure are unavailable in this ECG dataset.,The available data does not contain enough information to answer this query.,False,False,,PASS,1.0,Candidate correctly states the request is unanswerable,SOUND,Ground truth answer is a clear rejection,"```json
{
  ""verdict"": ""PASS"",
  ""reason"": ""Candidate correctly states the request is unanswerable"",
  ""ground_truth_sanity"": ""SOUND"",
  ""ground_truth_note"": ""Ground truth answer is a clear rejection""
}
```"
